time,Latitude,Longitude,Altitude (m),Speed (km/h),Total distance (km),Target
2024-10-15 15:53:38,51.542107,-2.486681,92.2,0,0,3
2024-10-15 15:53:39,51.541992,-2.486813,92.4,56.1,0.016,3
2024-10-15 15:53:40,51.54187,-2.486948,92.5,59.1,0.032,3
2024-10-15 15:53:41,51.54175,-2.487079,92.6,58,0.048,3
2024-10-15 15:53:42,51.541634,-2.487207,92.7,57.7,0.064,3
2024-10-15 15:53:43,51.54151,-2.487331,92.7,56.8,0.08,3
2024-10-15 15:53:44,51.541393,-2.487457,92.7,57.6,0.096,3
2024-10-15 15:53:45,51.541275,-2.48758,93.4,55.7,0.111,3
2024-10-15 15:53:46,51.54116,-2.487698,93.3,54.4,0.126,3
2024-10-15 15:53:47,51.541054,-2.487813,93.7,51.7,0.141,3
2024-10-15 15:53:48,51.540943,-2.487931,93.9,53.3,0.156,3
2024-10-15 15:53:49,51.540833,-2.488048,94.1,53.6,0.171,3
2024-10-15 15:53:50,51.540718,-2.488167,94.2,54.2,0.186,3
2024-10-15 15:53:51,51.540604,-2.488285,94.5,54.2,0.201,3
2024-10-15 15:53:52,51.540485,-2.488405,94.5,55.6,0.216,3
2024-10-15 15:53:53,51.54037,-2.488525,94.6,55.2,0.231,3
2024-10-15 15:53:54,51.540253,-2.488647,94.6,56,0.247,3
2024-10-15 15:53:55,51.54013,-2.488766,94.8,56.8,0.263,3
2024-10-15 15:53:56,51.54,-2.488878,94.8,59.5,0.279,3
2024-10-15 15:53:57,51.539864,-2.488968,94.7,58.7,0.296,3
2024-10-15 15:53:58,51.539722,-2.489041,94.8,59.3,0.312,3
2024-10-15 15:53:59,51.53958,-2.489096,94.8,59.5,0.329,3
2024-10-15 15:54:00,51.539433,-2.489147,94.7,60.8,0.345,3
2024-10-15 15:54:01,51.539288,-2.489201,95.2,59.6,0.362,3
2024-10-15 15:54:02,51.539146,-2.489264,95.3,58.5,0.378,3
2024-10-15 15:54:03,51.539005,-2.489344,95.5,58.6,0.395,3
2024-10-15 15:54:04,51.538876,-2.489443,95.5,57.6,0.411,3
2024-10-15 15:54:05,51.538754,-2.489556,95.5,57,0.426,3
2024-10-15 15:54:06,51.53864,-2.489671,95.5,54,0.441,3
2024-10-15 15:54:07,51.538536,-2.48978,95.5,49.7,0.455,3
2024-10-15 15:54:08,51.53844,-2.48988,95.5,44.8,0.468,3
2024-10-15 15:54:09,51.538357,-2.489974,95.6,41.5,0.479,3
2024-10-15 15:54:10,51.538284,-2.490055,95.6,35.2,0.489,3
2024-10-15 15:54:11,51.538223,-2.490123,95.7,29.2,0.497,3
2024-10-15 15:54:12,51.538174,-2.490179,95.9,24.5,0.504,3
2024-10-15 15:54:13,51.538128,-2.490234,96.1,23.3,0.51,3
2024-10-15 15:54:14,51.538082,-2.490284,96.1,21.4,0.516,3
2024-10-15 15:54:15,51.53804,-2.490335,96.2,21.3,0.522,3
2024-10-15 15:54:16,51.538,-2.490383,96.3,20.5,0.528,3
2024-10-15 15:54:17,51.537964,-2.490429,96.3,19.2,0.533,3
2024-10-15 15:54:18,51.53793,-2.490466,96.3,15.4,0.537,3
2024-10-15 15:54:19,51.53791,-2.490492,96.3,10.8,0.54,3
2024-10-15 15:54:20,51.537895,-2.490507,96.3,6.3,0.542,3
2024-10-15 15:54:21,51.53789,-2.490516,96.6,3.1,0.543,3
2024-10-15 15:54:22,51.53789,-2.490518,96.6,0.8,0.543,3
2024-10-15 15:54:23,51.537888,-2.490518,96.6,0,0.543,3
2024-10-15 15:54:24,51.537888,-2.490518,96.6,0,0.543,3
2024-10-15 15:54:25,51.537888,-2.490518,96.6,0,0.543,3
2024-10-15 15:54:26,51.537888,-2.490518,96.6,0,0.543,3
2024-10-15 15:54:27,51.537888,-2.490518,96.6,0,0.543,3
2024-10-15 15:54:28,51.537888,-2.490518,96.6,0,0.543,3
2024-10-15 15:54:29,51.537888,-2.490518,96.6,0,0.543,3
2024-10-15 15:54:30,51.537888,-2.490518,96.6,0,0.543,3
2024-10-15 15:54:31,51.537888,-2.490518,96.6,0,0.543,3
2024-10-15 15:54:32,51.537888,-2.490518,96.6,0,0.543,3
2024-10-15 15:54:33,51.537888,-2.490518,96.6,0,0.543,3
2024-10-15 15:54:34,51.537888,-2.490518,96.6,0,0.543,3
2024-10-15 15:54:35,51.537888,-2.490518,96.6,0,0.543,3
2024-10-15 15:54:36,51.537888,-2.490518,96.6,0,0.543,3
2024-10-15 15:54:37,51.537888,-2.490518,96.6,0,0.543,3
2024-10-15 15:54:38,51.537888,-2.490518,96.6,0,0.543,3
2024-10-15 15:54:39,51.537888,-2.490518,96.6,0,0.543,3
2024-10-15 15:54:40,51.537888,-2.490518,96.6,0,0.543,3
2024-10-15 15:54:41,51.537888,-2.490518,96.6,0,0.543,3
2024-10-15 15:54:42,51.537888,-2.490518,96.6,0,0.543,3
2024-10-15 15:54:43,51.537888,-2.490518,96.6,0,0.543,3
2024-10-15 15:54:44,51.537888,-2.490518,96.6,0,0.543,3
2024-10-15 15:54:45,51.537888,-2.490518,96.6,0,0.543,3
2024-10-15 15:54:46,51.537888,-2.490518,96.6,0,0.543,3
2024-10-15 15:54:47,51.537888,-2.490518,96.6,0,0.543,3
2024-10-15 15:54:48,51.537888,-2.490518,96.6,0,0.543,3
2024-10-15 15:54:49,51.537888,-2.490518,96.6,0,0.543,3
2024-10-15 15:54:50,51.537888,-2.490518,96.6,0,0.543,3
2024-10-15 15:54:51,51.537888,-2.490518,96.6,0,0.543,3
2024-10-15 15:54:52,51.537888,-2.490518,96.6,0,0.543,3
2024-10-15 15:54:53,51.537888,-2.490518,96.6,0,0.543,3
2024-10-15 15:54:54,51.537888,-2.490518,96.6,0,0.543,3
2024-10-15 15:54:55,51.537888,-2.490518,96.6,0,0.543,3
2024-10-15 15:54:56,51.537888,-2.490518,96.6,0,0.543,3
2024-10-15 15:54:57,51.537888,-2.490518,96.6,0,0.543,3
2024-10-15 15:54:58,51.537888,-2.490518,96.6,0,0.543,3
2024-10-15 15:54:59,51.537888,-2.490518,96.6,0,0.543,3
2024-10-15 15:55:00,51.537888,-2.490518,96.6,0,0.543,3
2024-10-15 15:55:01,51.537888,-2.490518,96.6,0,0.543,3
2024-10-15 15:55:02,51.537888,-2.490518,96.6,0,0.543,3
2024-10-15 15:55:03,51.537888,-2.490518,96.6,0,0.543,3
2024-10-15 15:55:04,51.53788,-2.490539,97.2,6.6,0.545,3
2024-10-15 15:55:05,51.53786,-2.490562,97.2,9.1,0.548,3
2024-10-15 15:55:06,51.537834,-2.490594,97.2,13,0.551,3
2024-10-15 15:55:07,51.5378,-2.490637,97.3,17.9,0.556,3
2024-10-15 15:55:08,51.537758,-2.490688,97.3,21.4,0.562,3
2024-10-15 15:55:09,51.537712,-2.490741,97.3,22.7,0.568,3
2024-10-15 15:55:10,51.537666,-2.490796,97.4,22.9,0.575,3
2024-10-15 15:55:11,51.53762,-2.490847,97.4,21.5,0.581,3
2024-10-15 15:55:12,51.537582,-2.490893,97.5,19.7,0.586,3
2024-10-15 15:55:13,51.53754,-2.490938,97.6,20.3,0.592,3
2024-10-15 15:55:14,51.53749,-2.490989,97.5,23.2,0.598,3
2024-10-15 15:55:15,51.537437,-2.491064,97.7,28.3,0.606,3
2024-10-15 15:55:16,51.537384,-2.491167,97.7,33.6,0.616,3
2024-10-15 15:55:17,51.537323,-2.491293,97.8,39.9,0.627,3
2024-10-15 15:55:18,51.53725,-2.491439,97.9,46.4,0.64,3
2024-10-15 15:55:19,51.53717,-2.491596,98.2,50.1,0.653,3
2024-10-15 15:55:20,51.537083,-2.491763,98.4,54.3,0.669,3
2024-10-15 15:55:21,51.53699,-2.491941,98.5,58.2,0.685,3
2024-10-15 15:55:22,51.536892,-2.492129,98.6,61.3,0.702,3
2024-10-15 15:55:23,51.536793,-2.492318,98.9,61.6,0.719,3
2024-10-15 15:55:24,51.536686,-2.492522,99.1,66.1,0.737,3
2024-10-15 15:55:25,51.53658,-2.492731,99.1,67.3,0.756,3
2024-10-15 15:55:26,51.536476,-2.492935,99.2,65.8,0.774,3
2024-10-15 15:55:27,51.536373,-2.493138,99.2,64.9,0.792,3
2024-10-15 15:55:28,51.53627,-2.493341,99.4,64.7,0.81,3
2024-10-15 15:55:29,51.53617,-2.493545,99.4,65.1,0.828,3
2024-10-15 15:55:30,51.53607,-2.493743,99.5,63.4,0.846,3
2024-10-15 15:55:31,51.535973,-2.493941,99.6,63.1,0.863,3
2024-10-15 15:55:32,51.535873,-2.494145,99.7,64.8,0.881,3
2024-10-15 15:55:33,51.535774,-2.494343,99.8,63,0.899,3
2024-10-15 15:55:34,51.535683,-2.494534,99.9,60.5,0.916,3
2024-10-15 15:55:35,51.535587,-2.494718,100.1,58.7,0.932,3
2024-10-15 15:55:36,51.535496,-2.494904,100.2,59.3,0.948,3
2024-10-15 15:55:37,51.535408,-2.495088,100.4,58.4,0.965,3
2024-10-15 15:55:38,51.53532,-2.495265,100.5,56.3,0.98,3
2024-10-15 15:55:39,51.535233,-2.495437,100.6,55.1,0.996,3
2024-10-15 15:55:40,51.53514,-2.495616,100.7,57.4,1.012,3
2024-10-15 15:55:41,51.535053,-2.495787,100.8,55.3,1.027,3
2024-10-15 15:55:42,51.53497,-2.495956,100.8,54.4,1.042,3
2024-10-15 15:55:43,51.53488,-2.496119,100.8,53.2,1.057,3
2024-10-15 15:55:44,51.534798,-2.496282,100.9,53.3,1.072,3
2024-10-15 15:55:45,51.534714,-2.496441,101.1,51.8,1.086,3
2024-10-15 15:55:46,51.53463,-2.496598,101.2,51.6,1.1,3
2024-10-15 15:55:47,51.534542,-2.496755,101.4,52.4,1.115,3
2024-10-15 15:55:48,51.534443,-2.496919,101.5,56.6,1.131,3
2024-10-15 15:55:49,51.534344,-2.497073,101.6,55.6,1.146,3
2024-10-15 15:55:50,51.53424,-2.497216,101.7,54.3,1.161,3
2024-10-15 15:55:51,51.534134,-2.497347,101.8,53.2,1.176,3
2024-10-15 15:55:52,51.534023,-2.497472,101.9,54.2,1.191,3
2024-10-15 15:55:53,51.533913,-2.497585,102,53.2,1.206,3
2024-10-15 15:55:54,51.5338,-2.497692,102.2,52.8,1.22,3
2024-10-15 15:55:55,51.533684,-2.49779,102.3,51.9,1.235,3
2024-10-15 15:55:56,51.533558,-2.497889,102.6,55.4,1.25,3
2024-10-15 15:55:57,51.53344,-2.49798,102.9,53.5,1.265,3
2024-10-15 15:55:58,51.533318,-2.49807,103.1,53.3,1.28,3
2024-10-15 15:55:59,51.5332,-2.498159,103.4,52.6,1.295,3
2024-10-15 15:56:00,51.53308,-2.498248,103.7,51.9,1.309,3
2024-10-15 15:56:01,51.532967,-2.498337,103.8,50.4,1.323,3
2024-10-15 15:56:02,51.53286,-2.498432,104,50,1.337,3
2024-10-15 15:56:03,51.532745,-2.498535,104.2,51.2,1.351,3
2024-10-15 15:56:04,51.532635,-2.498649,104.2,52.9,1.366,3
2024-10-15 15:56:05,51.532528,-2.498768,104.4,52,1.38,3
2024-10-15 15:56:06,51.532425,-2.498895,104.5,51.8,1.395,3
2024-10-15 15:56:07,51.532326,-2.499029,104.6,52,1.409,3
2024-10-15 15:56:08,51.53223,-2.499171,104.7,52.3,1.424,3
2024-10-15 15:56:09,51.53214,-2.49932,104.7,52.2,1.438,3
2024-10-15 15:56:10,51.53205,-2.499474,104.8,52.3,1.453,3
2024-10-15 15:56:11,51.53196,-2.499633,104.9,53.1,1.467,3
2024-10-15 15:56:12,51.53187,-2.4998,105,55.5,1.483,3
2024-10-15 15:56:13,51.53178,-2.499963,105,53.9,1.498,3
2024-10-15 15:56:14,51.531696,-2.50012,105.1,52.2,1.512,3
2024-10-15 15:56:15,51.53161,-2.500277,105.2,52,1.527,3
2024-10-15 15:56:16,51.531525,-2.50043,105.3,50.9,1.541,3
2024-10-15 15:56:17,51.53144,-2.50058,105.5,49.7,1.555,3
2024-10-15 15:56:18,51.53136,-2.500726,105.6,48.5,1.568,3
2024-10-15 15:56:19,51.53128,-2.500872,105.8,48.4,1.582,3
2024-10-15 15:56:20,51.5312,-2.501019,105.9,48.7,1.595,3
2024-10-15 15:56:21,51.53112,-2.501172,106,50.6,1.609,3
2024-10-15 15:56:22,51.531036,-2.501324,106.1,50.3,1.623,3
2024-10-15 15:56:23,51.530952,-2.501477,106.3,50.9,1.637,3
2024-10-15 15:56:24,51.53087,-2.50163,106.7,50.7,1.651,3
2024-10-15 15:56:25,51.530785,-2.501783,106.9,51.1,1.666,3
2024-10-15 15:56:26,51.5307,-2.501933,107.1,50.2,1.679,3
2024-10-15 15:56:27,51.530617,-2.502085,107.3,50.6,1.694,3
2024-10-15 15:56:28,51.53053,-2.502237,107.4,51.1,1.708,3
2024-10-15 15:56:29,51.530445,-2.502386,107.5,50.6,1.722,3
2024-10-15 15:56:30,51.530357,-2.50252,107.7,48,1.735,3
2024-10-15 15:56:31,51.53027,-2.502647,107.8,47.7,1.748,3
2024-10-15 15:56:32,51.530174,-2.502769,107.9,48.3,1.762,3
2024-10-15 15:56:33,51.53008,-2.502882,108.1,47.8,1.775,3
2024-10-15 15:56:34,51.52998,-2.502979,108.2,46.1,1.788,3
2024-10-15 15:56:35,51.52988,-2.503065,108.3,45.9,1.801,3
2024-10-15 15:56:36,51.529774,-2.503139,108.3,45.6,1.813,3
2024-10-15 15:56:37,51.52967,-2.503201,108.4,44,1.826,3
2024-10-15 15:56:38,51.52957,-2.503253,108.5,42.4,1.837,3
2024-10-15 15:56:39,51.529472,-2.503298,108.6,40.8,1.849,3
2024-10-15 15:56:40,51.529373,-2.503335,108.7,40.8,1.86,3
2024-10-15 15:56:41,51.529278,-2.503367,108.9,39.1,1.871,3
2024-10-15 15:56:42,51.529186,-2.5034,109.1,37,1.881,3
2024-10-15 15:56:43,51.529095,-2.503436,109.4,38.7,1.892,3
2024-10-15 15:56:44,51.529,-2.503473,109.5,39.1,1.903,3
2024-10-15 15:56:45,51.5289,-2.503513,109.6,39.8,1.914,3
2024-10-15 15:56:46,51.528805,-2.503556,109.7,40.8,1.925,3
2024-10-15 15:56:47,51.5287,-2.503603,109.9,43.2,1.937,3
2024-10-15 15:56:48,51.528595,-2.503649,109.9,43.8,1.949,3
2024-10-15 15:56:49,51.52849,-2.503692,110,43,1.961,3
2024-10-15 15:56:50,51.52839,-2.50374,110.2,41.7,1.973,3
2024-10-15 15:56:51,51.52829,-2.503789,110.4,41.5,1.984,3
2024-10-15 15:56:52,51.52819,-2.503841,110.5,42.4,1.996,3
2024-10-15 15:56:53,51.528088,-2.503899,110.8,43.1,2.008,3
2024-10-15 15:56:54,51.52799,-2.503965,111,43.5,2.02,3
2024-10-15 15:56:55,51.527893,-2.504036,111.1,41.8,2.032,3
2024-10-15 15:56:56,51.527798,-2.504117,111.2,42.9,2.044,3
2024-10-15 15:56:57,51.527706,-2.504208,111.2,43.4,2.056,3
2024-10-15 15:56:58,51.527615,-2.504308,111.2,44.5,2.068,3
2024-10-15 15:56:59,51.52752,-2.504413,111.4,45.4,2.081,3
2024-10-15 15:57:00,51.527428,-2.504522,111.5,46.4,2.094,3
2024-10-15 15:57:01,51.527332,-2.504632,111.8,46.2,2.107,3
2024-10-15 15:57:02,51.52724,-2.504744,112,46.6,2.119,3
2024-10-15 15:57:03,51.52715,-2.504854,112.3,45.1,2.132,3
2024-10-15 15:57:04,51.52706,-2.504965,112.5,46.1,2.145,3
2024-10-15 15:57:05,51.52697,-2.505073,112.8,44.4,2.157,3
2024-10-15 15:57:06,51.526882,-2.505181,112.7,44.5,2.169,3
2024-10-15 15:57:07,51.526802,-2.505285,112.7,41.9,2.181,3
2024-10-15 15:57:08,51.52672,-2.50539,112.7,42.1,2.193,3
2024-10-15 15:57:09,51.526638,-2.505494,112.8,41.2,2.204,3
2024-10-15 15:57:10,51.526558,-2.505596,112.9,41,2.216,3
2024-10-15 15:57:11,51.52648,-2.505694,113,39,2.226,3
2024-10-15 15:57:12,51.5264,-2.505796,113.1,41,2.238,3
2024-10-15 15:57:13,51.526318,-2.505904,113.3,42.9,2.25,3
2024-10-15 15:57:14,51.526237,-2.506008,113.3,41,2.261,3
2024-10-15 15:57:15,51.526157,-2.506109,113.3,40.7,2.272,3
2024-10-15 15:57:16,51.526077,-2.506211,113.4,40.8,2.284,3
2024-10-15 15:57:17,51.525997,-2.506311,113.5,40.4,2.295,3
2024-10-15 15:57:18,51.52592,-2.50641,113.5,40,2.306,3
2024-10-15 15:57:19,51.52584,-2.506507,113.6,39.7,2.317,3
2024-10-15 15:57:20,51.525764,-2.506603,113.6,39.6,2.328,3
2024-10-15 15:57:21,51.525684,-2.506695,113.7,38.3,2.339,3
2024-10-15 15:57:22,51.52561,-2.506784,113.7,37.4,2.349,3
2024-10-15 15:57:23,51.52554,-2.506871,113.8,36.5,2.359,3
2024-10-15 15:57:24,51.525467,-2.506957,113.9,35.8,2.369,3
2024-10-15 15:57:25,51.525394,-2.507042,113.9,35.6,2.379,3
2024-10-15 15:57:26,51.525322,-2.507128,114,35.9,2.389,3
2024-10-15 15:57:27,51.52525,-2.507213,114,36.4,2.399,3
2024-10-15 15:57:28,51.525173,-2.507296,114.1,35.9,2.409,3
2024-10-15 15:57:29,51.525105,-2.507377,114.2,35,2.419,3
2024-10-15 15:57:30,51.525036,-2.507455,114.2,33.6,2.428,3
2024-10-15 15:57:31,51.52497,-2.50753,114.2,31.6,2.437,3
2024-10-15 15:57:32,51.524906,-2.507601,114.2,31.1,2.446,3
2024-10-15 15:57:33,51.524857,-2.507658,114.1,25,2.453,3
2024-10-15 15:57:34,51.52482,-2.507699,114.3,18.3,2.458,3
2024-10-15 15:57:35,51.52479,-2.507728,114.3,13.1,2.461,3
2024-10-15 15:57:36,51.524773,-2.507746,114.4,8.1,2.464,3
2024-10-15 15:57:37,51.524757,-2.507763,114.4,7.9,2.466,3
2024-10-15 15:57:38,51.52473,-2.507791,114.4,12.4,2.469,3
2024-10-15 15:57:39,51.52469,-2.50784,114.5,21.3,2.475,3
2024-10-15 15:57:40,51.524635,-2.507899,114.4,26.2,2.482,3
2024-10-15 15:57:41,51.524567,-2.507968,114.4,31.6,2.491,3
2024-10-15 15:57:42,51.52449,-2.50805,114.5,37.4,2.502,3
2024-10-15 15:57:43,51.5244,-2.508146,114.6,44.3,2.514,3
2024-10-15 15:57:44,51.524296,-2.508249,114.5,47.3,2.527,3
2024-10-15 15:57:45,51.524193,-2.508349,114.5,48.2,2.54,3
2024-10-15 15:57:46,51.524094,-2.508434,114.5,45.3,2.553,3
2024-10-15 15:57:47,51.523994,-2.508504,114.6,44,2.565,3
2024-10-15 15:57:48,51.523888,-2.508556,114.7,43.4,2.577,3
2024-10-15 15:57:49,51.52379,-2.5086,114.8,42,2.589,3
2024-10-15 15:57:50,51.52369,-2.50864,114.9,40.5,2.6,3
2024-10-15 15:57:51,51.52359,-2.508677,115.1,40.6,2.612,3
2024-10-15 15:57:52,51.523495,-2.508715,115.2,40.1,2.623,3
2024-10-15 15:57:53,51.5234,-2.508749,115.4,38.1,2.633,3
2024-10-15 15:57:54,51.52332,-2.50878,115.5,33.6,2.643,3
2024-10-15 15:57:55,51.52325,-2.508805,115.6,27.6,2.65,3
2024-10-15 15:57:56,51.523193,-2.508827,115.8,23.5,2.657,3
2024-10-15 15:57:57,51.523148,-2.508847,116,20.3,2.662,3
2024-10-15 15:57:58,51.5231,-2.508864,116.1,18.6,2.668,3
2024-10-15 15:57:59,51.523052,-2.508883,116.2,20.5,2.673,3
2024-10-15 15:58:00,51.523006,-2.508901,116.2,18.8,2.678,3
2024-10-15 15:58:01,51.52298,-2.508912,116.2,11.6,2.682,3
2024-10-15 15:58:02,51.522964,-2.508918,116.2,5.7,2.683,3
2024-10-15 15:58:03,51.522957,-2.508921,116.2,3.6,2.684,3
2024-10-15 15:58:04,51.522945,-2.508925,116.2,3.4,2.685,3
2024-10-15 15:58:05,51.522934,-2.508931,116.2,6,2.687,3
2024-10-15 15:58:06,51.52291,-2.50894,116.3,9.2,2.689,3
2024-10-15 15:58:07,51.52289,-2.50895,116.3,9.8,2.692,3
2024-10-15 15:58:08,51.522858,-2.508961,116.3,12.4,2.696,3
2024-10-15 15:58:09,51.522816,-2.508979,116.4,17.4,2.7,3
2024-10-15 15:58:10,51.522762,-2.509002,116.5,20.8,2.706,3
2024-10-15 15:58:11,51.522713,-2.509029,116.5,21.7,2.712,3
2024-10-15 15:58:12,51.522655,-2.50906,116.5,24.1,2.719,3
2024-10-15 15:58:13,51.5226,-2.509098,116.6,25.5,2.726,3
2024-10-15 15:58:14,51.52254,-2.509139,116.7,24.1,2.733,3
2024-10-15 15:58:15,51.522488,-2.509174,116.7,23,2.739,3
2024-10-15 15:58:16,51.522438,-2.509206,116.7,21.7,2.745,3
2024-10-15 15:58:17,51.5224,-2.509251,116.7,18.8,2.75,3
2024-10-15 15:58:18,51.522385,-2.509315,116.5,17.1,2.755,3
2024-10-15 15:58:19,51.522396,-2.509396,116.2,20.6,2.761,3
2024-10-15 15:58:20,51.52242,-2.509501,115.8,27.7,2.768,3
2024-10-15 15:58:21,51.52245,-2.509635,115.1,35.6,2.778,3
2024-10-15 15:58:22,51.522484,-2.509773,114.2,36.9,2.789,3
2024-10-15 15:58:23,51.52252,-2.509919,113.1,38.9,2.799,3
2024-10-15 15:58:24,51.522556,-2.51007,112,40.9,2.811,3
2024-10-15 15:58:25,51.522602,-2.510217,111.4,40.4,2.822,3
2024-10-15 15:58:26,51.52264,-2.510348,110.8,36.6,2.832,3
2024-10-15 15:58:27,51.52268,-2.510457,110.5,30.6,2.841,3
2024-10-15 15:58:28,51.522705,-2.51054,110.2,23.5,2.847,3
2024-10-15 15:58:29,51.522728,-2.510606,110,18.9,2.852,3
2024-10-15 15:58:30,51.522747,-2.510664,109.8,16,2.857,3
2024-10-15 15:58:31,51.522762,-2.510722,109.7,16.2,2.861,3
2024-10-15 15:58:32,51.52278,-2.510787,109.6,17.8,2.866,3
2024-10-15 15:58:33,51.5228,-2.51085,109.4,17.2,2.871,3
2024-10-15 15:58:34,51.522816,-2.510914,109.2,17.1,2.876,3
2024-10-15 15:58:35,51.522835,-2.510983,109.1,18.5,2.881,3
2024-10-15 15:58:36,51.52285,-2.511063,108.9,21.1,2.887,3
2024-10-15 15:58:37,51.52286,-2.511157,108.6,24,2.894,3
2024-10-15 15:58:38,51.52287,-2.511267,108.3,27.4,2.901,3
2024-10-15 15:58:39,51.522877,-2.5114,108.1,33.3,2.91,3
2024-10-15 15:58:40,51.52288,-2.511565,107.7,41.1,2.922,3
2024-10-15 15:58:41,51.522892,-2.511736,107.4,42.8,2.934,3
2024-10-15 15:58:42,51.522903,-2.511915,107.1,45,2.946,3
2024-10-15 15:58:43,51.52291,-2.512099,106.7,45.9,2.959,3
2024-10-15 15:58:44,51.522923,-2.512287,106.5,47.1,2.972,3
2024-10-15 15:58:45,51.52293,-2.512479,106.1,47.8,2.985,3
2024-10-15 15:58:46,51.522938,-2.512669,105.9,47.5,2.998,3
2024-10-15 15:58:47,51.522945,-2.512857,105.5,47,3.012,3
2024-10-15 15:58:48,51.522953,-2.513051,105.2,48.2,3.025,3
2024-10-15 15:58:49,51.52296,-2.513244,105,48.3,3.038,3
2024-10-15 15:58:50,51.522964,-2.513437,104.6,48,3.052,3
2024-10-15 15:58:51,51.522972,-2.513629,104.3,48,3.065,3
2024-10-15 15:58:52,51.52298,-2.51382,104,47.6,3.078,3
2024-10-15 15:58:53,51.522987,-2.514014,103.5,48.4,3.092,3
2024-10-15 15:58:54,51.523,-2.514209,103,48.7,3.105,3
2024-10-15 15:58:55,51.523018,-2.514407,102.5,49.7,3.119,3
2024-10-15 15:58:56,51.523037,-2.514613,101.8,52.2,3.134,3
2024-10-15 15:58:57,51.523064,-2.51482,100.9,52.3,3.148,3
2024-10-15 15:58:58,51.52309,-2.515023,100,51.8,3.162,3
2024-10-15 15:58:59,51.523117,-2.51523,99.1,52.7,3.177,3
2024-10-15 15:59:00,51.52314,-2.515442,98.2,53.6,3.192,3
2024-10-15 15:59:01,51.523155,-2.51566,97.3,54.7,3.207,3
2024-10-15 15:59:02,51.523163,-2.51588,96.4,54.7,3.222,3
2024-10-15 15:59:03,51.52316,-2.5161,95.4,54.8,3.238,3
2024-10-15 15:59:04,51.523148,-2.516323,94.4,55.9,3.253,3
2024-10-15 15:59:05,51.52313,-2.516558,93.4,59,3.27,3
2024-10-15 15:59:06,51.523094,-2.516784,92.5,57.7,3.286,3
2024-10-15 15:59:07,51.523052,-2.517012,91.7,59.3,3.302,3
2024-10-15 15:59:08,51.523003,-2.517238,90.8,60.1,3.319,3
2024-10-15 15:59:09,51.522945,-2.517447,90.2,56.8,3.335,3
2024-10-15 15:59:10,51.52289,-2.517628,89.7,50.4,3.349,3
2024-10-15 15:59:11,51.522835,-2.517789,89.4,45.3,3.361,3
2024-10-15 15:59:12,51.52278,-2.517952,89.1,45.8,3.374,3
2024-10-15 15:59:13,51.522728,-2.518124,88.8,48.3,3.387,3
2024-10-15 15:59:14,51.52267,-2.518306,88.6,50.9,3.401,3
2024-10-15 15:59:15,51.522606,-2.518503,88.2,55.4,3.417,3
2024-10-15 15:59:16,51.522537,-2.518708,87.9,57.9,3.433,3
2024-10-15 15:59:17,51.522465,-2.518918,87.7,59.4,3.449,3
2024-10-15 15:59:18,51.522392,-2.519123,87.5,58.8,3.466,3
2024-10-15 15:59:19,51.52232,-2.519326,87.4,58.4,3.482,3
2024-10-15 15:59:20,51.522243,-2.519528,87.2,58.9,3.498,3
2024-10-15 15:59:21,51.522167,-2.519731,87.1,59.3,3.515,3
2024-10-15 15:59:22,51.522087,-2.519935,87,59.5,3.531,3
2024-10-15 15:59:23,51.522015,-2.52014,87,59.6,3.548,3
2024-10-15 15:59:24,51.52194,-2.520359,87.1,61.9,3.565,3
2024-10-15 15:59:25,51.521873,-2.520585,87.2,62.5,3.582,3
2024-10-15 15:59:26,51.521812,-2.52081,87.2,60.7,3.599,3
2024-10-15 15:59:27,51.521763,-2.521033,87.3,59.2,3.616,3
2024-10-15 15:59:28,51.521713,-2.521253,87.3,58.1,3.632,3
2024-10-15 15:59:29,51.521664,-2.521469,87.4,57.3,3.648,3
2024-10-15 15:59:30,51.521618,-2.521674,87.5,54.3,3.663,3
2024-10-15 15:59:31,51.521572,-2.521874,87.6,53,3.678,3
2024-10-15 15:59:32,51.52153,-2.522075,87.8,53.2,3.692,3
2024-10-15 15:59:33,51.521492,-2.522271,88,51.1,3.706,3
2024-10-15 15:59:34,51.521454,-2.522463,88.2,49.9,3.72,3
2024-10-15 15:59:35,51.521423,-2.522653,88.2,49.2,3.734,3
2024-10-15 15:59:36,51.521393,-2.522841,88.3,48.4,3.747,3
2024-10-15 15:59:37,51.521366,-2.523024,88.3,46.7,3.76,3
2024-10-15 15:59:38,51.52134,-2.523196,88.5,44.1,3.773,3
2024-10-15 15:59:39,51.521317,-2.523363,88.6,42.6,3.784,3
2024-10-15 15:59:40,51.521294,-2.523523,88.8,40.9,3.796,3
2024-10-15 15:59:41,51.52127,-2.52368,89.1,40.2,3.807,3
2024-10-15 15:59:42,51.521248,-2.523823,89.3,36.8,3.817,3
2024-10-15 15:59:43,51.521225,-2.523961,89.8,35.3,3.827,3
2024-10-15 15:59:44,51.521206,-2.524084,90,31.7,3.836,3
2024-10-15 15:59:45,51.521187,-2.524186,90.2,26.5,3.843,3
2024-10-15 15:59:46,51.52117,-2.524263,90.3,20.1,3.849,3
2024-10-15 15:59:47,51.521164,-2.524312,90.5,12.8,3.852,3
2024-10-15 15:59:48,51.52116,-2.524343,90.7,7.9,3.855,3
2024-10-15 15:59:49,51.521156,-2.524364,90.7,5.5,3.856,3
2024-10-15 15:59:50,51.521152,-2.524376,90.5,2.9,3.857,3
2024-10-15 15:59:51,51.521152,-2.524375,90.5,0,3.857,3
2024-10-15 15:59:52,51.521152,-2.524375,90.5,0,3.857,3
2024-10-15 15:59:53,51.521152,-2.524375,90.5,0,3.857,3
2024-10-15 15:59:54,51.521156,-2.52439,90.6,3.6,3.858,3
2024-10-15 15:59:55,51.521156,-2.524418,90.7,7,3.86,3
2024-10-15 15:59:56,51.521156,-2.524473,90.9,13.8,3.864,3
2024-10-15 15:59:57,51.521152,-2.524543,91.2,17.4,3.868,3
2024-10-15 15:59:58,51.52115,-2.524605,91.5,15.9,3.873,3
2024-10-15 15:59:59,51.52114,-2.524646,91.7,10.4,3.876,3
2024-10-15 16:00:00,51.521137,-2.524665,91.7,5.1,3.877,3
2024-10-15 16:00:01,51.521137,-2.524674,91.6,2.2,3.878,3
2024-10-15 16:00:02,51.521137,-2.524675,91.7,0,3.878,3
2024-10-15 16:00:03,51.521137,-2.524675,91.7,0,3.878,3
2024-10-15 16:00:04,51.521137,-2.524675,91.7,0.3,3.878,3
2024-10-15 16:00:05,51.521137,-2.524675,91.7,0.3,3.878,3
2024-10-15 16:00:06,51.521137,-2.524675,91.7,0.3,3.878,3
2024-10-15 16:00:07,51.521137,-2.524675,91.7,0.3,3.878,3
2024-10-15 16:00:08,51.521137,-2.524675,91.7,0.3,3.878,3
2024-10-15 16:00:09,51.521137,-2.524675,91.7,0.3,3.878,3
2024-10-15 16:00:10,51.521137,-2.524682,91.6,1.7,3.879,3
2024-10-15 16:00:11,51.521133,-2.524708,91.8,6.8,3.881,3
2024-10-15 16:00:12,51.521122,-2.524766,92,14.9,3.885,3
2024-10-15 16:00:13,51.521107,-2.524856,92.3,23.4,3.891,3
2024-10-15 16:00:14,51.521088,-2.524972,92.5,29.9,3.9,3
2024-10-15 16:00:15,51.521065,-2.525103,92.8,33.6,3.909,3
2024-10-15 16:00:16,51.521046,-2.525254,93,38.4,3.92,3
2024-10-15 16:00:17,51.521034,-2.525407,93.1,38.6,3.93,3
2024-10-15 16:00:18,51.521023,-2.525562,93.3,38.8,3.941,3
2024-10-15 16:00:19,51.52101,-2.525722,93.5,40,3.952,3
2024-10-15 16:00:20,51.521008,-2.525899,93.6,44,3.965,3
2024-10-15 16:00:21,51.52101,-2.526091,93.7,47.9,3.978,3
2024-10-15 16:00:22,51.521023,-2.526289,93.8,49.4,3.992,3
2024-10-15 16:00:23,51.521034,-2.526486,94,49.4,4.005,3
2024-10-15 16:00:24,51.52105,-2.526693,94.1,52.1,4.02,3
2024-10-15 16:00:25,51.52107,-2.526911,94.3,54.8,4.035,3
2024-10-15 16:00:26,51.52109,-2.527131,94.5,55.5,4.05,3
2024-10-15 16:00:27,51.52112,-2.527359,94.9,57.5,4.066,3
2024-10-15 16:00:28,51.521145,-2.527601,95.3,61.2,4.083,3
2024-10-15 16:00:29,51.52117,-2.527853,95.9,63.8,4.101,3
2024-10-15 16:00:30,51.5212,-2.528107,96.6,64.5,4.119,3
2024-10-15 16:00:31,51.52123,-2.52837,97.4,66.4,4.137,3
2024-10-15 16:00:32,51.52126,-2.528638,98.2,68,4.156,3
2024-10-15 16:00:33,51.521286,-2.528906,99,67.6,4.175,3
2024-10-15 16:00:34,51.52131,-2.529156,99.9,63,4.193,3
2024-10-15 16:00:35,51.521328,-2.529395,100.7,59.9,4.209,3
2024-10-15 16:00:36,51.521347,-2.529619,101.4,56.3,4.225,3
2024-10-15 16:00:37,51.521362,-2.529821,102,50.6,4.239,3
2024-10-15 16:00:38,51.521374,-2.53,102.5,44.9,4.251,3
2024-10-15 16:00:39,51.521385,-2.530159,102.9,39.7,4.262,3
2024-10-15 16:00:40,51.52139,-2.530307,103.3,36.9,4.273,3
2024-10-15 16:00:41,51.52138,-2.530441,103.5,33.5,4.282,3
2024-10-15 16:00:42,51.521374,-2.530544,103.6,26.1,4.289,3
2024-10-15 16:00:43,51.521362,-2.530612,103.8,17.3,4.294,3
2024-10-15 16:00:44,51.521355,-2.530647,103.9,9.2,4.297,3
2024-10-15 16:00:45,51.52135,-2.530667,103.9,5.1,4.298,3
2024-10-15 16:00:46,51.52135,-2.530677,104,2.6,4.299,3
2024-10-15 16:00:47,51.52135,-2.53068,104,1,4.299,3
2024-10-15 16:00:48,51.521347,-2.530684,104,1.1,4.299,3
2024-10-15 16:00:49,51.521343,-2.530703,104.1,4.9,4.301,3
2024-10-15 16:00:50,51.52133,-2.530743,104.2,11.2,4.304,3
2024-10-15 16:00:51,51.5213,-2.530811,104.2,20.4,4.309,3
2024-10-15 16:00:52,51.521263,-2.530902,104.3,27.9,4.317,3
2024-10-15 16:00:53,51.521225,-2.531014,104.5,31.7,4.326,3
2024-10-15 16:00:54,51.52121,-2.531156,104.6,35.9,4.336,3
2024-10-15 16:00:55,51.521233,-2.531311,104.8,39.7,4.347,3
2024-10-15 16:00:56,51.521282,-2.531478,105.1,46.6,4.36,3
2024-10-15 16:00:57,51.521336,-2.531676,105.4,53.5,4.375,3
2024-10-15 16:00:58,51.52137,-2.531895,105.6,56.3,4.39,3
2024-10-15 16:00:59,51.521393,-2.532137,105.9,61.1,4.407,3
2024-10-15 16:01:00,51.52141,-2.532397,106,65.2,4.426,3
2024-10-15 16:01:01,51.52143,-2.532674,106.1,69.2,4.445,3
2024-10-15 16:01:02,51.521446,-2.532952,106.2,69.6,4.464,3
2024-10-15 16:01:03,51.52146,-2.533232,106.3,70.1,4.484,3
2024-10-15 16:01:04,51.521477,-2.533521,106.5,72.3,4.504,3
2024-10-15 16:01:05,51.5215,-2.533811,106.9,72.7,4.524,3
2024-10-15 16:01:06,51.52153,-2.534098,107.1,72.6,4.544,3
2024-10-15 16:01:07,51.521564,-2.534383,107.3,72.5,4.564,3
2024-10-15 16:01:08,51.52161,-2.534671,107.4,73.9,4.585,3
2024-10-15 16:01:09,51.52166,-2.534947,107.6,71.8,4.605,3
2024-10-15 16:01:10,51.521713,-2.535216,107.7,70.2,4.624,3
2024-10-15 16:01:11,51.521774,-2.53548,107.7,69.9,4.644,3
2024-10-15 16:01:12,51.521835,-2.535745,107.7,70.8,4.663,3
2024-10-15 16:01:13,51.521904,-2.536012,107.6,71.7,4.683,3
2024-10-15 16:01:14,51.521973,-2.536274,107.5,70.6,4.703,3
2024-10-15 16:01:15,51.522038,-2.536539,107.3,71.3,4.722,3
2024-10-15 16:01:16,51.52211,-2.53681,107,73.3,4.743,3
2024-10-15 16:01:17,51.522182,-2.537082,106.6,73.6,4.763,3
2024-10-15 16:01:18,51.522255,-2.537353,106.1,73.5,4.784,3
2024-10-15 16:01:19,51.522327,-2.537626,105.8,74,4.804,3
2024-10-15 16:01:20,51.5224,-2.537905,105,75.4,4.825,3
2024-10-15 16:01:21,51.522472,-2.538186,104.3,75.7,4.846,3
2024-10-15 16:01:22,51.522545,-2.53846,103.5,74.1,4.867,3
2024-10-15 16:01:23,51.522617,-2.538731,102.6,73.4,4.887,3
2024-10-15 16:01:24,51.52269,-2.539006,101.6,74.5,4.908,3
2024-10-15 16:01:25,51.522762,-2.539279,100.7,73.8,4.928,3
2024-10-15 16:01:26,51.52283,-2.539551,100,73.1,4.949,3
2024-10-15 16:01:27,51.5229,-2.539825,99.4,73.2,4.969,3
2024-10-15 16:01:28,51.522957,-2.540101,98.6,72.5,4.989,3
2024-10-15 16:01:29,51.523003,-2.540382,98.2,72.3,5.009,3
2024-10-15 16:01:30,51.523037,-2.540659,97.9,70.5,5.029,3
2024-10-15 16:01:31,51.523064,-2.540933,97.5,69,5.048,3
2024-10-15 16:01:32,51.523083,-2.541216,97.1,70.9,5.068,3
2024-10-15 16:01:33,51.523094,-2.541501,96.8,71.2,5.088,3
2024-10-15 16:01:34,51.523106,-2.541779,96.5,69.4,5.107,3
2024-10-15 16:01:35,51.523106,-2.542051,96.2,67.6,5.126,3
2024-10-15 16:01:36,51.5231,-2.542331,96.1,69.7,5.145,3
2024-10-15 16:01:37,51.523094,-2.542599,95.8,66.8,5.164,3
2024-10-15 16:01:38,51.52308,-2.542862,95.8,65.8,5.182,3
2024-10-15 16:01:39,51.52306,-2.543121,95.8,65,5.2,3
2024-10-15 16:01:40,51.523033,-2.543386,95.8,66.7,5.218,3
2024-10-15 16:01:41,51.523006,-2.543652,95.6,67.2,5.237,3
2024-10-15 16:01:42,51.522976,-2.543913,95.5,66,5.255,3
2024-10-15 16:01:43,51.522945,-2.544172,95.4,65.8,5.274,3
2024-10-15 16:01:44,51.52291,-2.544433,95.2,66.7,5.292,3
2024-10-15 16:01:45,51.52287,-2.544691,95.1,66.4,5.311,3
2024-10-15 16:01:46,51.52282,-2.544942,95,65.6,5.329,3
2024-10-15 16:01:47,51.522762,-2.545189,94.8,65.2,5.347,3
2024-10-15 16:01:48,51.522705,-2.545438,94.7,66.6,5.365,3
2024-10-15 16:01:49,51.522644,-2.545687,94.5,66.6,5.384,3
2024-10-15 16:01:50,51.522583,-2.54593,94.4,65,5.402,3
2024-10-15 16:01:51,51.522526,-2.546169,94.3,64,5.42,3
2024-10-15 16:01:52,51.52247,-2.546415,94.3,65.5,5.438,3
2024-10-15 16:01:53,51.522408,-2.546661,94.2,65.7,5.456,3
2024-10-15 16:01:54,51.52235,-2.546902,94.2,64.4,5.474,3
2024-10-15 16:01:55,51.522293,-2.547142,94.1,63.8,5.492,3
2024-10-15 16:01:56,51.52224,-2.547381,93.9,63.7,5.51,3
2024-10-15 16:01:57,51.522186,-2.547621,93.8,63.1,5.527,3
2024-10-15 16:01:58,51.522137,-2.547851,93.8,60.8,5.544,3
2024-10-15 16:01:59,51.522083,-2.548077,93.7,59.9,5.561,3
2024-10-15 16:02:00,51.522034,-2.548302,93.5,59.3,5.577,3
2024-10-15 16:02:01,51.521988,-2.54851,93.4,55.1,5.592,3
2024-10-15 16:02:02,51.52195,-2.548698,93.3,49.7,5.606,3
2024-10-15 16:02:03,51.52191,-2.548866,93.2,44.2,5.618,3
2024-10-15 16:02:04,51.52189,-2.54901,93.1,37.3,5.629,3
2024-10-15 16:02:05,51.52187,-2.549124,93.1,29.1,5.637,3
2024-10-15 16:02:06,51.52186,-2.549205,93,20.4,5.643,3
2024-10-15 16:02:07,51.521854,-2.549252,93,12,5.646,3
2024-10-15 16:02:08,51.521854,-2.549279,93,6.8,5.648,3
2024-10-15 16:02:09,51.52185,-2.549294,93,3.6,5.649,3
2024-10-15 16:02:10,51.52185,-2.549304,93,2.7,5.65,3
2024-10-15 16:02:11,51.52185,-2.549313,93,2.1,5.65,3
2024-10-15 16:02:12,51.52185,-2.549324,93,2.9,5.651,3
2024-10-15 16:02:13,51.521847,-2.549354,93,7.4,5.653,3
2024-10-15 16:02:14,51.521847,-2.549392,93,9.5,5.656,3
2024-10-15 16:02:15,51.521843,-2.549438,93,11.6,5.659,3
2024-10-15 16:02:16,51.521843,-2.549486,93,11.8,5.662,3
2024-10-15 16:02:17,51.521843,-2.549531,93,11.4,5.665,3
2024-10-15 16:02:18,51.52184,-2.549582,93,12.6,5.669,3
2024-10-15 16:02:19,51.52184,-2.549644,93,15.3,5.673,3
2024-10-15 16:02:20,51.521835,-2.549711,93.1,16.8,5.678,3
2024-10-15 16:02:21,51.521835,-2.549775,93.1,16,5.682,3
2024-10-15 16:02:22,51.52183,-2.54983,93.1,13.7,5.686,3
2024-10-15 16:02:23,51.52183,-2.549866,93.1,9,5.689,3
2024-10-15 16:02:24,51.52183,-2.549885,93.1,4.7,5.69,3
2024-10-15 16:02:25,51.521828,-2.549895,93.1,2.5,5.691,3
2024-10-15 16:02:26,51.521828,-2.549899,93,1.1,5.691,3
2024-10-15 16:02:27,51.521828,-2.549901,93,0.5,5.691,3
2024-10-15 16:02:28,51.521828,-2.549911,93.1,2.4,5.692,3
2024-10-15 16:02:29,51.521828,-2.549937,93,6.5,5.693,3
2024-10-15 16:02:30,51.521824,-2.549976,93.1,9.9,5.696,3
2024-10-15 16:02:31,51.521816,-2.550027,93.1,13,5.7,3
2024-10-15 16:02:32,51.52181,-2.550083,93.1,14.2,5.704,3
2024-10-15 16:02:33,51.521793,-2.550148,93.1,17.1,5.708,3
2024-10-15 16:02:34,51.52177,-2.550227,93.1,22.1,5.715,3
2024-10-15 16:02:35,51.521736,-2.550307,93,23.4,5.721,3
2024-10-15 16:02:36,51.521706,-2.550394,93,24.9,5.728,3
2024-10-15 16:02:37,51.521687,-2.550493,93,26.1,5.735,3
2024-10-15 16:02:38,51.521683,-2.550601,93,27,5.743,3
2024-10-15 16:02:39,51.521706,-2.550718,93.1,30.3,5.751,3
2024-10-15 16:02:40,51.521748,-2.550826,93.2,31.6,5.76,3
2024-10-15 16:02:41,51.5218,-2.550925,93.3,33.2,5.769,3
2024-10-15 16:02:42,51.52186,-2.551018,93.3,32.4,5.778,3
2024-10-15 16:02:43,51.521915,-2.551117,93.4,33.7,5.788,3
2024-10-15 16:02:44,51.52197,-2.551229,93.4,35,5.797,3
2024-10-15 16:02:45,51.52202,-2.55136,93.5,38.5,5.808,3
2024-10-15 16:02:46,51.522057,-2.551496,93.5,37.1,5.818,3
2024-10-15 16:02:47,51.52209,-2.551637,93.4,37.7,5.829,3
2024-10-15 16:02:48,51.52212,-2.551788,93.4,39.5,5.84,3
2024-10-15 16:02:49,51.522152,-2.55194,93.4,39.8,5.851,3
2024-10-15 16:02:50,51.522182,-2.552092,93.4,39.8,5.862,3
2024-10-15 16:02:51,51.52221,-2.552246,93.5,40,5.873,3
2024-10-15 16:02:52,51.522236,-2.552404,93.6,40.7,5.884,3
2024-10-15 16:02:53,51.52226,-2.552563,93.7,40.6,5.895,3
2024-10-15 16:02:54,51.522278,-2.552725,93.8,41.1,5.907,3
2024-10-15 16:02:55,51.522293,-2.552884,93.9,40,5.918,3
2024-10-15 16:02:56,51.522305,-2.553048,94.1,41,5.929,3
2024-10-15 16:02:57,51.522316,-2.553209,94.3,40.5,5.941,3
2024-10-15 16:02:58,51.522324,-2.553365,94.5,38.9,5.951,3
2024-10-15 16:02:59,51.522335,-2.553517,94.7,38.1,5.962,3
2024-10-15 16:03:00,51.522343,-2.553674,94.8,39.1,5.973,3
2024-10-15 16:03:01,51.522354,-2.553832,95,39.6,5.984,3
2024-10-15 16:03:02,51.522366,-2.553993,95.3,40.4,5.995,3
2024-10-15 16:03:03,51.52238,-2.554148,95.5,39,6.006,3
2024-10-15 16:03:04,51.5224,-2.554307,95.7,40.2,6.017,3
2024-10-15 16:03:05,51.52242,-2.55447,95.8,41.7,6.029,3
2024-10-15 16:03:06,51.52244,-2.55463,96,40.6,6.04,3
2024-10-15 16:03:07,51.522465,-2.554788,96.1,40.4,6.051,3
2024-10-15 16:03:08,51.522488,-2.554954,96.2,42.5,6.063,3
2024-10-15 16:03:09,51.522514,-2.555122,96.4,43,6.075,3
2024-10-15 16:03:10,51.522537,-2.555295,96.5,44.1,6.087,3
2024-10-15 16:03:11,51.522556,-2.555467,96.7,43.4,6.099,3
2024-10-15 16:03:12,51.52257,-2.555643,96.9,44.3,6.112,3
2024-10-15 16:03:13,51.522583,-2.555819,97.1,44,6.124,3
2024-10-15 16:03:14,51.522594,-2.555988,97.3,42.5,6.136,3
2024-10-15 16:03:15,51.522606,-2.556154,97.4,41.3,6.147,3
2024-10-15 16:03:16,51.52261,-2.55632,97.5,41.6,6.159,3
2024-10-15 16:03:17,51.522617,-2.556487,97.6,41.5,6.17,3
2024-10-15 16:03:18,51.52262,-2.556659,97.6,42.8,6.182,3
2024-10-15 16:03:19,51.522625,-2.556838,97.7,44.8,6.195,3
2024-10-15 16:03:20,51.522625,-2.557025,97.7,46.6,6.208,3
2024-10-15 16:03:21,51.522625,-2.557211,97.8,46.3,6.22,3
2024-10-15 16:03:22,51.52262,-2.55739,98,44.4,6.233,3
2024-10-15 16:03:23,51.52262,-2.557565,98,43.6,6.245,3
2024-10-15 16:03:24,51.522617,-2.557739,98,43.3,6.257,3
2024-10-15 16:03:25,51.522614,-2.557909,98,42.4,6.269,3
2024-10-15 16:03:26,51.522606,-2.558075,98,41.6,6.28,3
2024-10-15 16:03:27,51.5226,-2.558241,97.9,41.3,6.292,3
2024-10-15 16:03:28,51.522594,-2.558417,97.9,43.9,6.304,3
2024-10-15 16:03:29,51.522587,-2.558607,97.8,47.6,6.317,3
2024-10-15 16:03:30,51.522575,-2.558793,97.8,46.5,6.33,3
2024-10-15 16:03:31,51.522568,-2.558977,97.8,45.9,6.343,3
2024-10-15 16:03:32,51.52256,-2.559162,97.6,46.2,6.356,3
2024-10-15 16:03:33,51.522556,-2.559347,97.6,46,6.368,3
2024-10-15 16:03:34,51.52255,-2.559525,97.5,44.6,6.381,3
2024-10-15 16:03:35,51.52255,-2.559702,97.5,44.1,6.393,3
2024-10-15 16:03:36,51.52255,-2.559882,97.5,44.6,6.405,3
2024-10-15 16:03:37,51.52255,-2.560065,97.6,45.8,6.418,3
2024-10-15 16:03:38,51.522552,-2.560238,97.6,42.9,6.43,3
2024-10-15 16:03:39,51.522552,-2.560407,97.6,42.3,6.442,3
2024-10-15 16:03:40,51.522556,-2.560577,97.2,42.2,6.453,3
2024-10-15 16:03:41,51.522564,-2.560749,96.5,42.9,6.465,3
2024-10-15 16:03:42,51.522568,-2.560926,96,44.2,6.478,3
2024-10-15 16:03:43,51.52257,-2.561119,96.1,48.2,6.491,3
2024-10-15 16:03:44,51.52257,-2.561313,96.1,48.3,6.504,3
2024-10-15 16:03:45,51.52257,-2.561507,96.4,48.3,6.518,3
2024-10-15 16:03:46,51.522575,-2.561675,97,41.9,6.53,3
2024-10-15 16:03:47,51.52258,-2.561829,97.6,38.2,6.54,3
2024-10-15 16:03:48,51.522583,-2.561968,97.9,34.6,6.55,3
2024-10-15 16:03:49,51.522587,-2.562097,98.2,32.3,6.559,3
2024-10-15 16:03:50,51.522587,-2.562215,98.3,29.2,6.567,3
2024-10-15 16:03:51,51.522587,-2.562318,98.3,25.6,6.574,3
2024-10-15 16:03:52,51.522587,-2.562402,98.3,21.1,6.58,3
2024-10-15 16:03:53,51.52259,-2.562468,98.3,16.5,6.584,3
2024-10-15 16:03:54,51.52259,-2.56252,98.3,12.8,6.588,3
2024-10-15 16:03:55,51.52259,-2.56256,98.4,10.1,6.591,3
2024-10-15 16:03:56,51.52259,-2.56259,98.5,7.4,6.593,3
2024-10-15 16:03:57,51.52259,-2.562605,98.6,3.7,6.594,3
2024-10-15 16:03:58,51.52259,-2.562609,98.7,1,6.594,3
2024-10-15 16:03:59,51.522594,-2.562609,98.8,0,6.594,3
2024-10-15 16:04:00,51.522594,-2.562609,98.8,0,6.594,3
2024-10-15 16:04:01,51.522594,-2.562609,98.8,0,6.594,3
2024-10-15 16:04:02,51.522594,-2.562609,98.8,0,6.594,3
2024-10-15 16:04:03,51.522594,-2.562609,98.8,0,6.594,3
2024-10-15 16:04:04,51.522594,-2.562609,98.8,0,6.594,3
2024-10-15 16:04:05,51.522594,-2.562609,98.8,0,6.594,3
2024-10-15 16:04:06,51.522594,-2.562609,98.8,0,6.594,3
2024-10-15 16:04:07,51.522594,-2.562609,98.8,0,6.594,3
2024-10-15 16:04:08,51.522594,-2.562609,98.8,0,6.594,3
2024-10-15 16:04:09,51.522594,-2.562609,98.8,0,6.594,3
2024-10-15 16:04:10,51.522594,-2.562609,98.8,0,6.594,3
2024-10-15 16:04:11,51.522594,-2.562609,98.8,0,6.594,3
2024-10-15 16:04:12,51.522594,-2.562609,98.8,0,6.594,3
2024-10-15 16:04:13,51.522594,-2.562609,98.8,0,6.594,3
2024-10-15 16:04:14,51.522594,-2.562609,98.8,0,6.594,3
2024-10-15 16:04:15,51.522594,-2.562609,98.8,0,6.594,3
2024-10-15 16:04:16,51.522594,-2.562609,98.8,0,6.594,3
2024-10-15 16:04:17,51.522594,-2.562639,99.3,7.6,6.596,3
2024-10-15 16:04:18,51.522594,-2.562684,99.3,11,6.599,3
2024-10-15 16:04:19,51.522594,-2.562738,99.2,13.4,6.603,3
2024-10-15 16:04:20,51.522594,-2.562794,99.2,14.1,6.607,3
2024-10-15 16:04:21,51.5226,-2.562853,99.2,14.7,6.611,3
2024-10-15 16:04:22,51.5226,-2.562919,99.1,16.4,6.616,3
2024-10-15 16:04:23,51.5226,-2.562989,99.1,17.4,6.62,3
2024-10-15 16:04:24,51.5226,-2.563061,99.2,18.1,6.625,3
2024-10-15 16:04:25,51.5226,-2.563142,99.2,20,6.631,3
2024-10-15 16:04:26,51.522602,-2.563238,99.2,24,6.638,3
2024-10-15 16:04:27,51.522602,-2.563339,99.2,25.1,6.645,3
2024-10-15 16:04:28,51.522606,-2.563443,99.2,26.1,6.652,3
2024-10-15 16:04:29,51.522606,-2.56355,99.3,26.6,6.659,3
2024-10-15 16:04:30,51.522606,-2.563658,99.3,26.8,6.667,3
2024-10-15 16:04:31,51.52261,-2.563766,99.4,26.9,6.674,3
2024-10-15 16:04:32,51.52261,-2.563891,99.4,31.3,6.683,3
2024-10-15 16:04:33,51.522614,-2.564038,99.5,36.6,6.693,3
2024-10-15 16:04:34,51.522614,-2.564185,99.6,36.7,6.703,3
2024-10-15 16:04:35,51.522617,-2.564334,99.6,37,6.714,3
2024-10-15 16:04:36,51.52262,-2.564484,99.7,37.3,6.724,3
2024-10-15 16:04:37,51.52263,-2.564629,99.8,36.2,6.734,3
2024-10-15 16:04:38,51.52263,-2.564775,99.8,36.4,6.744,3
2024-10-15 16:04:39,51.52263,-2.564925,99.9,37.4,6.754,3
2024-10-15 16:04:40,51.522633,-2.565089,100,40.9,6.766,3
2024-10-15 16:04:41,51.522644,-2.565261,100,43.1,6.778,3
2024-10-15 16:04:42,51.522655,-2.565429,100.1,42.2,6.79,3
2024-10-15 16:04:43,51.52267,-2.56559,100.1,40.5,6.801,3
2024-10-15 16:04:44,51.52269,-2.565736,100.1,36.8,6.811,3
2024-10-15 16:04:45,51.5227,-2.565862,100.2,31.9,6.82,3
2024-10-15 16:04:46,51.522717,-2.565976,100.2,29.1,6.828,3
2024-10-15 16:04:47,51.52273,-2.566086,100.3,27.9,6.836,3
2024-10-15 16:04:48,51.522747,-2.566192,100.3,27.1,6.843,3
2024-10-15 16:04:49,51.522762,-2.566294,100.4,26.2,6.85,3
2024-10-15 16:04:50,51.522774,-2.566385,100.5,23.1,6.857,3
2024-10-15 16:04:51,51.52279,-2.566462,100.5,19.9,6.862,3
2024-10-15 16:04:52,51.5228,-2.566529,100.6,17.3,6.867,3
2024-10-15 16:04:53,51.522808,-2.566581,100.6,13.4,6.871,3
2024-10-15 16:04:54,51.522816,-2.56662,100.6,10.1,6.874,3
2024-10-15 16:04:55,51.52282,-2.56665,100.8,7.6,6.876,3
2024-10-15 16:04:56,51.522823,-2.56667,100.7,5.3,6.877,3
2024-10-15 16:04:57,51.522827,-2.566685,100.7,4,6.878,3
2024-10-15 16:04:58,51.522827,-2.566693,100.7,1.8,6.879,3
2024-10-15 16:04:59,51.522827,-2.566694,100.7,0.3,6.879,3
2024-10-15 16:05:00,51.522827,-2.566694,100.7,0,6.879,3
2024-10-15 16:05:01,51.522827,-2.566694,100.7,0,6.879,3
2024-10-15 16:05:02,51.522827,-2.566694,100.7,0,6.879,3
2024-10-15 16:05:03,51.522827,-2.566694,100.7,0,6.879,3
2024-10-15 16:05:04,51.522827,-2.566694,100.7,0,6.879,3
2024-10-15 16:05:05,51.522827,-2.566694,100.7,0,6.879,3
2024-10-15 16:05:06,51.522827,-2.566694,100.7,0,6.879,3
2024-10-15 16:05:07,51.522827,-2.566694,100.7,0,6.879,3
2024-10-15 16:05:08,51.522827,-2.566694,100.7,0,6.879,3
2024-10-15 16:05:09,51.522827,-2.566694,100.7,0,6.879,3
2024-10-15 16:05:10,51.522827,-2.566694,100.7,0,6.879,3
2024-10-15 16:05:11,51.522827,-2.566694,100.7,0,6.879,3
2024-10-15 16:05:12,51.522827,-2.566694,100.7,0,6.879,3
2024-10-15 16:05:13,51.522827,-2.566694,100.7,0,6.879,3
2024-10-15 16:05:14,51.522827,-2.566694,100.7,0,6.879,3
2024-10-15 16:05:15,51.522827,-2.566694,100.7,0,6.879,3
2024-10-15 16:05:16,51.522827,-2.566694,100.7,0,6.879,3
2024-10-15 16:05:17,51.522827,-2.566694,100.7,0,6.879,3
2024-10-15 16:05:18,51.522827,-2.566694,100.7,0,6.879,3
2024-10-15 16:05:19,51.522827,-2.566694,100.7,0,6.879,3
2024-10-15 16:05:20,51.522827,-2.566694,100.7,0,6.879,3
2024-10-15 16:05:21,51.522827,-2.566694,100.7,0,6.879,3
2024-10-15 16:05:22,51.522827,-2.566694,100.7,0,6.879,3
2024-10-15 16:05:23,51.522827,-2.566694,100.7,0,6.879,3
2024-10-15 16:05:24,51.522827,-2.566694,100.7,0,6.879,3
2024-10-15 16:05:25,51.522827,-2.566694,100.7,0,6.879,3
2024-10-15 16:05:26,51.522827,-2.566694,100.7,0,6.879,3
2024-10-15 16:05:27,51.522827,-2.566694,100.7,0,6.879,3
2024-10-15 16:05:28,51.522827,-2.566694,100.7,0,6.879,3
2024-10-15 16:05:29,51.522827,-2.566694,100.7,0,6.879,3
2024-10-15 16:05:30,51.522827,-2.566694,100.7,0,6.879,3
2024-10-15 16:05:31,51.522827,-2.566694,100.7,0,6.879,3
2024-10-15 16:05:32,51.522827,-2.566694,100.7,0,6.879,3
2024-10-15 16:05:33,51.522827,-2.566694,100.7,0,6.879,3
2024-10-15 16:05:34,51.52283,-2.56672,100.7,6.9,6.881,3
2024-10-15 16:05:35,51.52284,-2.566765,100.7,11.4,6.884,3
2024-10-15 16:05:36,51.522846,-2.566819,100.7,14.1,6.888,3
2024-10-15 16:05:37,51.522858,-2.566882,100.8,16.2,6.893,3
2024-10-15 16:05:38,51.522873,-2.566956,100.8,19.1,6.898,3
2024-10-15 16:05:39,51.522892,-2.567061,100.9,27.2,6.905,3
2024-10-15 16:05:40,51.522915,-2.567201,100.9,36.3,6.916,3
2024-10-15 16:05:41,51.522945,-2.567357,101,40.7,6.927,3
2024-10-15 16:05:42,51.522984,-2.567534,101,46.7,6.94,3
2024-10-15 16:05:43,51.52303,-2.567732,101.1,52.4,6.954,3
2024-10-15 16:05:44,51.523075,-2.567945,101.1,56.4,6.97,3
2024-10-15 16:05:45,51.52312,-2.568158,101.2,55.8,6.986,3
2024-10-15 16:05:46,51.52316,-2.568368,101.3,54.6,7.001,3
2024-10-15 16:05:47,51.52319,-2.568572,101.5,52.3,7.015,3
2024-10-15 16:05:48,51.523216,-2.568773,101.7,51.3,7.03,3
2024-10-15 16:05:49,51.523235,-2.568976,101.9,51,7.044,3
2024-10-15 16:05:50,51.52325,-2.569181,102.1,51.4,7.058,3
2024-10-15 16:05:51,51.52326,-2.569396,102.3,53.6,7.073,3
2024-10-15 16:05:52,51.523262,-2.56962,102.4,56,7.088,3
2024-10-15 16:05:53,51.52326,-2.569845,102.5,56,7.104,3
2024-10-15 16:05:54,51.52325,-2.570059,102.7,53.3,7.119,3
2024-10-15 16:05:55,51.523243,-2.570261,103,50.4,7.133,3
2024-10-15 16:05:56,51.523235,-2.570445,103.3,46,7.146,3
2024-10-15 16:05:57,51.523228,-2.570603,103.5,39.4,7.157,3
2024-10-15 16:05:58,51.523216,-2.570734,103.6,33,7.166,3
2024-10-15 16:05:59,51.523197,-2.570837,103.6,26.7,7.173,3
2024-10-15 16:06:00,51.523163,-2.570914,103.6,23.7,7.18,3
2024-10-15 16:06:01,51.52311,-2.570965,103.6,24.5,7.186,3
2024-10-15 16:06:02,51.523033,-2.570986,103.4,30.3,7.195,3
2024-10-15 16:06:03,51.52294,-2.570976,103.4,37.3,7.205,3
2024-10-15 16:06:04,51.52283,-2.570951,103.4,44.6,7.218,3
2024-10-15 16:06:05,51.5227,-2.57092,103.3,52.3,7.232,3
2024-10-15 16:06:06,51.522564,-2.57089,103.3,55.3,7.248,3
2024-10-15 16:06:07,51.52242,-2.570862,103.2,58.3,7.264,3
2024-10-15 16:06:08,51.522263,-2.570835,103.2,63.1,7.281,3
2024-10-15 16:06:09,51.5221,-2.570809,103.2,66.2,7.3,3
2024-10-15 16:06:10,51.521935,-2.570789,103.2,65.5,7.318,3
2024-10-15 16:06:11,51.521774,-2.570772,103.2,64.4,7.336,3
2024-10-15 16:06:12,51.521618,-2.570758,103.2,63.9,7.354,3
2024-10-15 16:06:13,51.52146,-2.570748,103.3,61.7,7.371,3
2024-10-15 16:06:14,51.521313,-2.570743,103.3,59.1,7.387,3
2024-10-15 16:06:15,51.52117,-2.57074,103.1,57.1,7.403,3
2024-10-15 16:06:16,51.52103,-2.570739,102.7,57.1,7.419,3
2024-10-15 16:06:17,51.52089,-2.570741,102.5,56.2,7.434,3
2024-10-15 16:06:18,51.520756,-2.570744,102.2,53.2,7.449,3
2024-10-15 16:06:19,51.52063,-2.570749,102,50.2,7.463,3
2024-10-15 16:06:20,51.52051,-2.570753,101.8,46.9,7.476,3
2024-10-15 16:06:21,51.52041,-2.570757,101.5,41.6,7.488,3
2024-10-15 16:06:22,51.520313,-2.570762,101.3,38.2,7.498,3
2024-10-15 16:06:23,51.52023,-2.570766,101.2,33.6,7.508,3
2024-10-15 16:06:24,51.52016,-2.570769,101,27.9,7.515,3
2024-10-15 16:06:25,51.520107,-2.57077,100.9,21.2,7.521,3
2024-10-15 16:06:26,51.520065,-2.570772,100.9,17.3,7.526,3
2024-10-15 16:06:27,51.520023,-2.570774,100.8,16.4,7.531,3
2024-10-15 16:06:28,51.519978,-2.57078,100.7,18,7.536,3
2024-10-15 16:06:29,51.51993,-2.570791,100.7,19.2,7.541,3
2024-10-15 16:06:30,51.519894,-2.570798,100.5,15.8,7.545,3
2024-10-15 16:06:31,51.519867,-2.5708,100.5,10.3,7.548,3
2024-10-15 16:06:32,51.51985,-2.570801,100.5,5.4,7.55,3
2024-10-15 16:06:33,51.519844,-2.570801,100.5,3.4,7.551,3
2024-10-15 16:06:34,51.519836,-2.570801,100.5,2.3,7.551,3
2024-10-15 16:06:35,51.519833,-2.570802,100.4,1.9,7.552,3
2024-10-15 16:06:36,51.51983,-2.570802,100.4,2.3,7.553,3
2024-10-15 16:06:37,51.519817,-2.570803,100.4,3.7,7.554,3
2024-10-15 16:06:38,51.51981,-2.570803,100.4,3.9,7.555,3
2024-10-15 16:06:39,51.5198,-2.570804,100.4,4.8,7.556,3
2024-10-15 16:06:40,51.51978,-2.570805,100.3,6.4,7.558,3
2024-10-15 16:06:41,51.51976,-2.570806,100.3,7.7,7.56,3
2024-10-15 16:06:42,51.519745,-2.570806,100.3,7.2,7.562,3
2024-10-15 16:06:43,51.519726,-2.570806,100.3,7.3,7.564,3
2024-10-15 16:06:44,51.519695,-2.570807,100.2,11.6,7.567,3
2024-10-15 16:06:45,51.51965,-2.570807,100.1,18.9,7.572,3
2024-10-15 16:06:46,51.519596,-2.570807,100.1,20.5,7.578,3
2024-10-15 16:06:47,51.519543,-2.570806,100.1,21.6,7.584,3
2024-10-15 16:06:48,51.5195,-2.570806,100,17.7,7.589,3
2024-10-15 16:06:49,51.519474,-2.570806,100,10.8,7.592,3
2024-10-15 16:06:50,51.51946,-2.570806,100.1,5.3,7.593,3
2024-10-15 16:06:51,51.51945,-2.570806,100.1,2.9,7.594,3
2024-10-15 16:06:52,51.519447,-2.570806,100.1,1.4,7.595,3
2024-10-15 16:06:53,51.519447,-2.570806,100,0.7,7.595,3
2024-10-15 16:06:54,51.519447,-2.570806,100,0,7.595,3
2024-10-15 16:06:55,51.519447,-2.570806,100,0,7.595,3
2024-10-15 16:06:56,51.519447,-2.570806,100,0,7.595,3
2024-10-15 16:06:57,51.519447,-2.570806,100,0,7.595,3
2024-10-15 16:06:58,51.519447,-2.570806,100,0,7.595,3
2024-10-15 16:06:59,51.519447,-2.570806,100,0,7.595,3
2024-10-15 16:07:00,51.519447,-2.570806,100,0,7.595,3
2024-10-15 16:07:01,51.51944,-2.570806,99.7,3.1,7.596,3
2024-10-15 16:07:02,51.51943,-2.570806,99.6,5.1,7.597,3
2024-10-15 16:07:03,51.519417,-2.570806,99.6,3.5,7.598,3
2024-10-15 16:07:04,51.519417,-2.570805,99.6,1,7.598,3
2024-10-15 16:07:05,51.519417,-2.570805,99.6,0,7.598,3
2024-10-15 16:07:06,51.519417,-2.570805,99.6,0,7.598,3
2024-10-15 16:07:07,51.519417,-2.570805,99.6,0,7.598,3
2024-10-15 16:07:08,51.519417,-2.570805,99.6,0,7.598,3
2024-10-15 16:07:09,51.519405,-2.570805,99.5,3.9,7.599,3
2024-10-15 16:07:10,51.519386,-2.570805,99.5,8.3,7.602,3
2024-10-15 16:07:11,51.51935,-2.570805,99.5,14.4,7.606,3
2024-10-15 16:07:12,51.519302,-2.570805,99.4,18.3,7.611,3
2024-10-15 16:07:13,51.519257,-2.570804,99.4,18.8,7.616,3
2024-10-15 16:07:14,51.51921,-2.570804,99.4,19.3,7.621,3
2024-10-15 16:07:15,51.519157,-2.570804,99.3,20.9,7.627,3
2024-10-15 16:07:16,51.519096,-2.570804,99.3,24,7.634,3
2024-10-15 16:07:17,51.519028,-2.570805,99.2,27.6,7.641,3
2024-10-15 16:07:18,51.51895,-2.570806,99.2,30.7,7.65,3
2024-10-15 16:07:19,51.51887,-2.570808,99.2,31.5,7.659,3
2024-10-15 16:07:20,51.518787,-2.570811,99.2,33.7,7.668,3
2024-10-15 16:07:21,51.518696,-2.570815,99.1,36.6,7.678,3
2024-10-15 16:07:22,51.5186,-2.570821,99.2,38.5,7.689,3
2024-10-15 16:07:23,51.518505,-2.570829,99.2,37.6,7.699,3
2024-10-15 16:07:24,51.518414,-2.570839,99.2,36.7,7.71,3
2024-10-15 16:07:25,51.51833,-2.57085,99.3,34.6,7.719,3
2024-10-15 16:07:26,51.51825,-2.570863,99.4,32.4,7.728,3
2024-10-15 16:07:27,51.51817,-2.570877,99.6,31.6,7.737,3
2024-10-15 16:07:28,51.518093,-2.570893,99.7,31.4,7.746,3
2024-10-15 16:07:29,51.51801,-2.57091,99.9,32.6,7.755,3
2024-10-15 16:07:30,51.51793,-2.570929,100.1,33,7.764,3
2024-10-15 16:07:31,51.51785,-2.570949,100.3,32.9,7.773,3
2024-10-15 16:07:32,51.517765,-2.570972,100.6,33.8,7.783,3
2024-10-15 16:07:33,51.51768,-2.570997,100.9,33.9,7.792,3
2024-10-15 16:07:34,51.5176,-2.571024,101.2,32.5,7.801,3
2024-10-15 16:07:35,51.517532,-2.571048,101.5,28.1,7.809,3
2024-10-15 16:07:36,51.51748,-2.571068,101.7,23,7.815,3
2024-10-15 16:07:37,51.517445,-2.571081,101.6,14.4,7.819,3
2024-10-15 16:07:38,51.51742,-2.571089,101.7,9.1,7.822,3
2024-10-15 16:07:39,51.517403,-2.571096,101.8,7.9,7.824,3
2024-10-15 16:07:40,51.517372,-2.571106,101.9,11.1,7.827,3
2024-10-15 16:07:41,51.51734,-2.571119,102,14.1,7.831,3
2024-10-15 16:07:42,51.517303,-2.571135,102.2,15.6,7.835,3
2024-10-15 16:07:43,51.517258,-2.571154,102.3,18.8,7.84,3
2024-10-15 16:07:44,51.5172,-2.571179,102.5,24.2,7.847,3
2024-10-15 16:07:45,51.51714,-2.571206,102.7,24.7,7.854,3
2024-10-15 16:07:46,51.517082,-2.571233,102.8,23.3,7.861,3
2024-10-15 16:07:47,51.51702,-2.571263,102.9,25.5,7.868,3
2024-10-15 16:07:48,51.516956,-2.571295,103.1,28.3,7.875,3
2024-10-15 16:07:49,51.516884,-2.57133,103.2,29.9,7.884,3
2024-10-15 16:07:50,51.516815,-2.571367,103.3,28.8,7.892,3
2024-10-15 16:07:51,51.516747,-2.571406,103.4,29.7,7.9,3
2024-10-15 16:07:52,51.51667,-2.571448,103.4,31.3,7.909,3
2024-10-15 16:07:53,51.516598,-2.571491,103.4,32,7.918,3
2024-10-15 16:07:54,51.51652,-2.571534,103.4,31.9,7.926,3
2024-10-15 16:07:55,51.516445,-2.571578,103.4,31.7,7.935,3
2024-10-15 16:07:56,51.516373,-2.571621,103.3,31.6,7.944,3
2024-10-15 16:07:57,51.5163,-2.57166,103.3,29.8,7.952,3
2024-10-15 16:07:58,51.516235,-2.571696,103.4,27.5,7.96,3
2024-10-15 16:07:59,51.51617,-2.571726,103.4,26.9,7.967,3
2024-10-15 16:08:00,51.516098,-2.571753,103.4,30.8,7.976,3
2024-10-15 16:08:01,51.516018,-2.571774,103.4,32,7.985,3
2024-10-15 16:08:02,51.515938,-2.571797,103.4,33.1,7.994,3
2024-10-15 16:08:03,51.515846,-2.571828,103.4,36.6,8.004,3
2024-10-15 16:08:04,51.515743,-2.571867,103.5,43.4,8.016,3
2024-10-15 16:08:05,51.51563,-2.571908,103.5,45.9,8.029,3
2024-10-15 16:08:06,51.51551,-2.571949,103.7,48.3,8.042,3
2024-10-15 16:08:07,51.515396,-2.57199,103.8,47,8.056,3
2024-10-15 16:08:08,51.51529,-2.572034,104,44.8,8.068,3
2024-10-15 16:08:09,51.515198,-2.572074,104.1,38.7,8.079,3
2024-10-15 16:08:10,51.51512,-2.572101,104.2,30.9,8.087,3
2024-10-15 16:08:11,51.515057,-2.572106,104.4,25,8.094,3
2024-10-15 16:08:12,51.514996,-2.572081,104.4,24.9,8.101,3
2024-10-15 16:08:13,51.514942,-2.572018,104.4,27.3,8.109,3
2024-10-15 16:08:14,51.514893,-2.571921,104.4,30.9,8.117,3
2024-10-15 16:08:15,51.51485,-2.571798,104.6,35,8.127,3
2024-10-15 16:08:16,51.514812,-2.571654,104.6,39.1,8.138,3
2024-10-15 16:08:17,51.514774,-2.571497,104.6,42.1,8.15,3
2024-10-15 16:08:18,51.514736,-2.571353,104.7,38.6,8.16,3
2024-10-15 16:08:19,51.514713,-2.571241,104.7,29.7,8.169,3
2024-10-15 16:08:20,51.514694,-2.571153,104.9,23.4,8.175,3
2024-10-15 16:08:21,51.514675,-2.571067,104.8,22.8,8.181,3
2024-10-15 16:08:22,51.514652,-2.570971,104.9,25.5,8.188,3
2024-10-15 16:08:23,51.514626,-2.570858,104.9,30.3,8.197,3
2024-10-15 16:08:24,51.514595,-2.570728,104.9,34.6,8.206,3
2024-10-15 16:08:25,51.514565,-2.570591,105,36.1,8.217,3
2024-10-15 16:08:26,51.51453,-2.570456,105,36,8.227,3
2024-10-15 16:08:27,51.5145,-2.570326,105.1,34.7,8.236,3
2024-10-15 16:08:28,51.51447,-2.570201,105.1,33.3,8.245,3
2024-10-15 16:08:29,51.514442,-2.570081,105.2,31.9,8.254,3
2024-10-15 16:08:30,51.514416,-2.569961,105.1,32,8.263,3
2024-10-15 16:08:31,51.514385,-2.569833,105.2,33.8,8.273,3
2024-10-15 16:08:32,51.51435,-2.569691,105.3,38.1,8.283,3
2024-10-15 16:08:33,51.51431,-2.569535,105.4,42.5,8.295,3
2024-10-15 16:08:34,51.51426,-2.569372,105.4,44.9,8.307,3
2024-10-15 16:08:35,51.514206,-2.569195,105.4,49.3,8.321,3
2024-10-15 16:08:36,51.51415,-2.569009,105.5,51.4,8.335,3
2024-10-15 16:08:37,51.51409,-2.568828,105.4,50.5,8.349,3
2024-10-15 16:08:38,51.514038,-2.568657,105.4,47.8,8.363,3
2024-10-15 16:08:39,51.513985,-2.568491,105.3,47.1,8.376,3
2024-10-15 16:08:40,51.513924,-2.56833,105.3,46.3,8.389,3
2024-10-15 16:08:41,51.513863,-2.568178,105.2,45.6,8.401,3
2024-10-15 16:08:42,51.513798,-2.568038,105.2,42.9,8.413,3
2024-10-15 16:08:43,51.513737,-2.567907,105.2,40.9,8.425,3
2024-10-15 16:08:44,51.51367,-2.567778,105.1,41.3,8.436,3
2024-10-15 16:08:45,51.513603,-2.567649,105.1,42.5,8.448,3
2024-10-15 16:08:46,51.513535,-2.567527,105.1,41.1,8.459,3
2024-10-15 16:08:47,51.513466,-2.567413,105,39.5,8.47,3
2024-10-15 16:08:48,51.5134,-2.567308,105,36.2,8.48,3
2024-10-15 16:08:49,51.513348,-2.567218,105,31,8.489,3
2024-10-15 16:08:50,51.513306,-2.567143,104.9,25.1,8.496,3
2024-10-15 16:08:51,51.51327,-2.567078,105,22,8.502,3
2024-10-15 16:08:52,51.51323,-2.567006,104.8,24.1,8.509,3
2024-10-15 16:08:53,51.513184,-2.566925,104.8,27.1,8.516,3
2024-10-15 16:08:54,51.513138,-2.566839,104.8,28.9,8.524,3
2024-10-15 16:08:55,51.51309,-2.566756,104.8,27.7,8.532,3
2024-10-15 16:08:56,51.51305,-2.566682,104.9,24.3,8.539,3
2024-10-15 16:08:57,51.513012,-2.566605,105,24.8,8.546,3
2024-10-15 16:08:58,51.51297,-2.566528,104.9,25.5,8.553,3
2024-10-15 16:08:59,51.51293,-2.566458,104.8,23.4,8.559,3
2024-10-15 16:09:00,51.5129,-2.56639,104.8,20.6,8.565,3
2024-10-15 16:09:01,51.512894,-2.566318,104.7,18.4,8.57,3
2024-10-15 16:09:02,51.512905,-2.566253,104.6,16.8,8.575,3
2024-10-15 16:09:03,51.512936,-2.566197,104.7,19,8.58,3
2024-10-15 16:09:04,51.512985,-2.566139,104.6,24.3,8.587,3
2024-10-15 16:09:05,51.51305,-2.56607,104.5,31.4,8.595,3
2024-10-15 16:09:06,51.51312,-2.566003,104.3,32.5,8.604,3
2024-10-15 16:09:07,51.51319,-2.565936,104.3,32.7,8.613,3
2024-10-15 16:09:08,51.513264,-2.565868,104.2,33.7,8.623,3
2024-10-15 16:09:09,51.513336,-2.565808,104.1,33,8.632,3
2024-10-15 16:09:10,51.513412,-2.565755,104,32.5,8.641,3
2024-10-15 16:09:11,51.513485,-2.565709,103.9,32.4,8.65,3
2024-10-15 16:09:12,51.51357,-2.565677,103.8,33.1,8.659,3
2024-10-15 16:09:13,51.51365,-2.565665,103.6,33.2,8.668,3
2024-10-15 16:09:14,51.513737,-2.565665,103.5,35.7,8.678,3
2024-10-15 16:09:15,51.513824,-2.565672,103.4,34.6,8.688,3
2024-10-15 16:09:16,51.513905,-2.565679,103.2,32.1,8.697,3
2024-10-15 16:09:17,51.513977,-2.565678,103.2,28.9,8.705,3
2024-10-15 16:09:18,51.51404,-2.565656,103,25.9,8.712,3
2024-10-15 16:09:19,51.514103,-2.565603,102.7,28.4,8.72,3
2024-10-15 16:09:20,51.51417,-2.565522,102.6,33.8,8.729,3
2024-10-15 16:09:21,51.514233,-2.565424,102.1,35.3,8.739,3
2024-10-15 16:09:22,51.514294,-2.565323,101.8,34.4,8.749,3
2024-10-15 16:09:23,51.51435,-2.565222,101.4,34.2,8.758,3
2024-10-15 16:09:24,51.51441,-2.565123,101.1,33.4,8.768,3
2024-10-15 16:09:25,51.514458,-2.565031,100.7,30.5,8.776,3
2024-10-15 16:09:26,51.5145,-2.564956,100.5,25.5,8.783,3
2024-10-15 16:09:27,51.514534,-2.564909,100.5,17.7,8.788,3
2024-10-15 16:09:28,51.51455,-2.564885,100.4,9.2,8.791,3
2024-10-15 16:09:29,51.51456,-2.56487,100.4,5.6,8.792,3
2024-10-15 16:09:30,51.51457,-2.564854,100.5,4.9,8.794,3
2024-10-15 16:09:31,51.514572,-2.564822,100.6,8.3,8.796,3
2024-10-15 16:09:32,51.514565,-2.564768,100.6,13.9,8.8,3
2024-10-15 16:09:33,51.514538,-2.564698,100.7,21,8.806,3
2024-10-15 16:09:34,51.514492,-2.564627,100.9,24.9,8.812,3
2024-10-15 16:09:35,51.51444,-2.564555,101.2,27.4,8.82,3
2024-10-15 16:09:36,51.514378,-2.564474,101.5,32.2,8.829,3
2024-10-15 16:09:37,51.514305,-2.564376,101.8,37.4,8.839,3
2024-10-15 16:09:38,51.514236,-2.56428,102.1,36.5,8.849,3
2024-10-15 16:09:39,51.51417,-2.564187,102.4,35.9,8.859,3
2024-10-15 16:09:40,51.514103,-2.5641,102.6,34.5,8.869,3
2024-10-15 16:09:41,51.514038,-2.564023,102.8,32.5,8.878,3
2024-10-15 16:09:42,51.513977,-2.563953,102.9,29.9,8.886,3
2024-10-15 16:09:43,51.513916,-2.563876,102.9,30.4,8.895,3
2024-10-15 16:09:44,51.51386,-2.563796,103,31.2,8.904,3
2024-10-15 16:09:45,51.513798,-2.563716,103,31.6,8.912,3
2024-10-15 16:09:46,51.51373,-2.56364,103.1,32,8.921,3
2024-10-15 16:09:47,51.513664,-2.563571,103.1,32.4,8.93,3
2024-10-15 16:09:48,51.51359,-2.563508,103,33.1,8.939,3
2024-10-15 16:09:49,51.51351,-2.563447,103,34.7,8.949,3
2024-10-15 16:09:50,51.513428,-2.563384,102.9,37.6,8.959,3
2024-10-15 16:09:51,51.513344,-2.563325,102.7,36.3,8.97,3
2024-10-15 16:09:52,51.513256,-2.563266,102.4,37.8,8.98,3
2024-10-15 16:09:53,51.51317,-2.563205,102.1,38.9,8.991,3
2024-10-15 16:09:54,51.513073,-2.56314,101.7,41,9.002,3
2024-10-15 16:09:55,51.512966,-2.563068,101.3,45.5,9.015,3
2024-10-15 16:09:56,51.512848,-2.562989,101,51.9,9.029,3
2024-10-15 16:09:57,51.512722,-2.562907,100.7,54.1,9.044,3
2024-10-15 16:09:58,51.512604,-2.562829,100.5,52,9.059,3
2024-10-15 16:09:59,51.512486,-2.562756,100.3,49.7,9.073,3
2024-10-15 16:10:00,51.51237,-2.562682,100.2,50,9.087,3
2024-10-15 16:10:01,51.512257,-2.562608,100.3,49.6,9.1,3
2024-10-15 16:10:02,51.512146,-2.562536,100.3,48,9.114,3
2024-10-15 16:10:03,51.512035,-2.562466,100.2,47,9.127,3
2024-10-15 16:10:04,51.51193,-2.562402,100.2,46.4,9.14,3
2024-10-15 16:10:05,51.511818,-2.562345,100.2,45.9,9.152,3
2024-10-15 16:10:06,51.511707,-2.562294,100.2,45.4,9.165,3
2024-10-15 16:10:07,51.511604,-2.562254,100.1,43.9,9.177,3
2024-10-15 16:10:08,51.511497,-2.562214,100.1,43.3,9.189,3
2024-10-15 16:10:09,51.511395,-2.56218,100.1,42.5,9.201,3
2024-10-15 16:10:10,51.511288,-2.562161,100.1,43,9.213,3
2024-10-15 16:10:11,51.511173,-2.562154,100.1,44.5,9.225,3
2024-10-15 16:10:12,51.511063,-2.562148,100.3,45.3,9.238,3
2024-10-15 16:10:13,51.510944,-2.562131,100.3,47.8,9.251,3
2024-10-15 16:10:14,51.510826,-2.562107,100.3,47.4,9.264,3
2024-10-15 16:10:15,51.510708,-2.562084,100.2,48.4,9.278,3
2024-10-15 16:10:16,51.510586,-2.562063,100.2,48.8,9.291,3
2024-10-15 16:10:17,51.510464,-2.562045,100.2,48.6,9.305,3
2024-10-15 16:10:18,51.510345,-2.562028,100.1,48.1,9.318,3
2024-10-15 16:10:19,51.510223,-2.562017,100.2,48.6,9.332,3
2024-10-15 16:10:20,51.5101,-2.561999,100.1,49.3,9.345,3
2024-10-15 16:10:21,51.50998,-2.561973,100.2,49,9.359,3
2024-10-15 16:10:22,51.509857,-2.561946,100.2,48.2,9.372,3
2024-10-15 16:10:23,51.509747,-2.561921,100.2,45.5,9.385,3
2024-10-15 16:10:24,51.509647,-2.561899,100.4,40.8,9.396,3
2024-10-15 16:10:25,51.50956,-2.561881,100.4,35.2,9.406,3
2024-10-15 16:10:26,51.509495,-2.561872,100.5,26.6,9.413,3
2024-10-15 16:10:27,51.50944,-2.561884,100.5,21.4,9.419,3
2024-10-15 16:10:28,51.509403,-2.561933,100.6,19.3,9.425,3
2024-10-15 16:10:29,51.509388,-2.562012,100.7,20.5,9.43,3
2024-10-15 16:10:30,51.50939,-2.562107,100.8,23.7,9.437,3
2024-10-15 16:10:31,51.509396,-2.562218,100.9,27.7,9.445,3
2024-10-15 16:10:32,51.50939,-2.562336,101,29.5,9.453,3
2024-10-15 16:10:33,51.509388,-2.562457,101.1,30.3,9.461,3
2024-10-15 16:10:34,51.509388,-2.562571,101.1,28.3,9.469,3
2024-10-15 16:10:35,51.50938,-2.562675,101.2,26.2,9.476,3
2024-10-15 16:10:36,51.509357,-2.562766,101.2,24.3,9.483,3
2024-10-15 16:10:37,51.509315,-2.56282,101.2,21.4,9.489,3
2024-10-15 16:10:38,51.50926,-2.562824,101.2,22.1,9.495,3
2024-10-15 16:10:39,51.509205,-2.562797,101.1,23.8,9.502,3
2024-10-15 16:10:40,51.50916,-2.562751,101.1,21.3,9.508,3
2024-10-15 16:10:41,51.509136,-2.562707,100.9,14.2,9.512,3
2024-10-15 16:10:42,51.50912,-2.56268,101,9.3,9.514,3
2024-10-15 16:10:43,51.509106,-2.562671,101,6.3,9.516,3
2024-10-15 16:10:44,51.509098,-2.562672,100.9,3.1,9.517,3
2024-10-15 16:10:45,51.509094,-2.562672,100.9,0.6,9.517,3
2024-10-15 16:10:46,51.509098,-2.562674,101,0.8,9.517,3
2024-10-15 16:10:47,51.509098,-2.562673,101,0,9.517,3
2024-10-15 16:10:48,51.509098,-2.562673,101,0.3,9.517,3
2024-10-15 16:10:49,51.509098,-2.562673,101,0.3,9.518,3
2024-10-15 16:10:50,51.509098,-2.562673,101,0.3,9.518,3
2024-10-15 16:10:51,51.509098,-2.562673,101,0.3,9.518,3
2024-10-15 16:10:52,51.509098,-2.562673,101,0.3,9.518,3
2024-10-15 16:10:53,51.509098,-2.562673,101,0.3,9.518,3
2024-10-15 16:10:54,51.509098,-2.562673,101,0.3,9.518,3
2024-10-15 16:10:55,51.509098,-2.562673,101,0.3,9.518,3
2024-10-15 16:10:56,51.509098,-2.562673,101,0.3,9.518,3
2024-10-15 16:10:57,51.509098,-2.562673,101,0.3,9.518,3
2024-10-15 16:10:58,51.509098,-2.562673,101,0.3,9.518,3
2024-10-15 16:10:59,51.509098,-2.562673,101,0.3,9.519,3
2024-10-15 16:11:00,51.509098,-2.562673,101,0.3,9.519,3
2024-10-15 16:11:01,51.509098,-2.562673,101,0.3,9.519,3
2024-10-15 16:11:02,51.509098,-2.562673,101,0.3,9.519,3
2024-10-15 16:11:03,51.50913,-2.56267,99.2,11.8,9.522,3
2024-10-15 16:11:04,51.50913,-2.562675,98.5,1.6,9.523,3
2024-10-15 16:11:05,51.50913,-2.562678,98.3,0.8,9.523,3
2024-10-15 16:11:06,51.509132,-2.562678,98.4,0.7,9.523,3
2024-10-15 16:11:07,51.50913,-2.562677,98.5,0.7,9.523,3
2024-10-15 16:11:08,51.50913,-2.562675,98.6,0.5,9.523,3
2024-10-15 16:11:09,51.50913,-2.562676,98.5,0,9.523,0
2024-10-15 16:11:10,51.50913,-2.562676,98.5,0,9.523,0
2024-10-15 16:11:11,51.50913,-2.562676,98.5,0,9.523,0
2024-10-15 16:11:12,51.50913,-2.562676,98.5,0,9.523,0
2024-10-15 16:11:13,51.50913,-2.562676,98.5,0,9.523,0
2024-10-15 16:11:14,51.50913,-2.562676,98.5,0,9.523,0
2024-10-15 16:11:15,51.50913,-2.562676,98.5,0,9.523,0
2024-10-15 16:11:16,51.50913,-2.562676,98.5,0,9.523,0
2024-10-15 16:11:17,51.50913,-2.562676,98.5,0,9.523,0
2024-10-15 16:11:18,51.50913,-2.562676,98.5,0,9.523,0
2024-10-15 16:11:19,51.50913,-2.562676,98.5,0,9.523,0
2024-10-15 16:11:20,51.50913,-2.562676,98.5,0,9.523,0
2024-10-15 16:11:21,51.50913,-2.562676,98.5,0,9.523,0
2024-10-15 16:11:22,51.50913,-2.562676,98.5,0,9.523,0
2024-10-15 16:11:23,51.50913,-2.562676,98.5,0,9.523,0
2024-10-15 16:11:24,51.50913,-2.562676,98.5,0,9.523,0
2024-10-15 16:11:25,51.50913,-2.562676,98.5,0,9.523,0
2024-10-15 16:11:26,51.50913,-2.562676,98.5,0,9.523,0
2024-10-15 16:11:27,51.50913,-2.562676,98.5,0,9.523,0
2024-10-15 16:11:28,51.50913,-2.562676,98.5,0,9.523,0
2024-10-15 16:11:29,51.50913,-2.562676,98.5,0,9.523,0
2024-10-15 16:11:30,51.50913,-2.562676,98.5,0,9.523,0
2024-10-15 16:11:31,51.50913,-2.562676,98.5,0,9.523,0
2024-10-15 16:11:32,51.50913,-2.562676,98.5,0,9.523,0
2024-10-15 16:11:33,51.50913,-2.562676,98.5,0,9.523,0
2024-10-15 16:11:34,51.50913,-2.562676,98.5,0,9.523,0
2024-10-15 16:11:35,51.50913,-2.562676,98.5,0,9.523,0
2024-10-15 16:11:36,51.50913,-2.562676,98.5,0,9.523,0
2024-10-15 16:11:37,51.50913,-2.562676,98.5,0,9.523,0
2024-10-15 16:11:38,51.50913,-2.562676,98.5,0,9.523,0
2024-10-15 16:11:39,51.50913,-2.562676,98.5,0,9.523,0
2024-10-15 16:11:40,51.50913,-2.562676,98.5,0,9.523,0
2024-10-15 16:11:41,51.50913,-2.562676,98.5,0,9.523,0
2024-10-15 16:11:42,51.50913,-2.562676,98.5,0,9.523,0
2024-10-15 16:11:43,51.50913,-2.562676,98.5,0,9.523,0
2024-10-15 16:11:44,51.50913,-2.562676,98.5,0,9.523,0
2024-10-15 16:11:45,51.50913,-2.562676,98.5,0,9.523,0
2024-10-15 16:11:46,51.50913,-2.562676,98.5,0,9.523,0
2024-10-15 16:11:47,51.50913,-2.562676,98.5,0,9.523,0
2024-10-15 16:11:48,51.50913,-2.562676,98.5,0,9.523,0
2024-10-15 16:11:49,51.50913,-2.562676,98.5,0,9.523,0
2024-10-15 16:11:50,51.50913,-2.562676,98.5,0,9.523,0
2024-10-15 16:11:51,51.50913,-2.562676,98.5,0,9.523,0
2024-10-15 16:11:52,51.50913,-2.562676,98.5,0,9.523,0
2024-10-15 16:11:53,51.50913,-2.562676,98.5,0,9.523,0
2024-10-15 16:11:54,51.50913,-2.562676,98.5,0,9.523,0
2024-10-15 16:11:55,51.50913,-2.562676,98.5,0,9.523,0
2024-10-15 16:11:56,51.50913,-2.562676,98.5,0,9.523,0
2024-10-15 16:11:57,51.50913,-2.562676,98.5,0,9.523,0
2024-10-15 16:11:58,51.50913,-2.562676,98.5,0,9.523,0
2024-10-15 16:11:59,51.50913,-2.562676,98.5,0,9.523,0
2024-10-15 16:12:00,51.50913,-2.562676,98.5,0,9.523,0
2024-10-15 16:12:01,51.50913,-2.562676,98.5,0,9.523,0
2024-10-15 16:12:02,51.50913,-2.562676,98.5,0,9.523,0
2024-10-15 16:12:03,51.50913,-2.562676,98.5,0,9.523,0
2024-10-15 16:12:04,51.50913,-2.562676,98.5,0,9.523,0
2024-10-15 16:12:05,51.50913,-2.562676,98.5,0,9.523,0
2024-10-15 16:12:06,51.50913,-2.562676,98.5,0,9.523,0
2024-10-15 16:12:07,51.50913,-2.562676,98.5,0,9.523,0
2024-10-15 16:12:08,51.50913,-2.562676,98.5,0,9.523,0
2024-10-15 16:12:09,51.50913,-2.562676,98.5,0,9.523,0
2024-10-15 16:12:10,51.50913,-2.562676,98.5,0,9.523,0
2024-10-15 16:12:11,51.50913,-2.562676,98.5,0,9.523,0
2024-10-15 16:12:12,51.50913,-2.562676,98.5,0,9.523,0
2024-10-15 16:12:13,51.50912,-2.562671,98.1,3.4,9.524,1
2024-10-15 16:12:14,51.50912,-2.56267,98.1,0.3,9.524,1
2024-10-15 16:12:15,51.50912,-2.56267,98.1,0,9.524,1
2024-10-15 16:12:16,51.50912,-2.56267,98.1,0,9.524,1
2024-10-15 16:12:17,51.50912,-2.56267,98.1,0,9.524,1
2024-10-15 16:12:18,51.50912,-2.56267,98.1,0,9.524,1
2024-10-15 16:12:19,51.50912,-2.56267,98.1,0,9.524,1
2024-10-15 16:12:20,51.50912,-2.56267,98.1,0,9.524,1
2024-10-15 16:12:21,51.50912,-2.56267,98.1,0,9.524,1
2024-10-15 16:12:22,51.50912,-2.56267,98.1,0,9.524,1
2024-10-15 16:12:23,51.50912,-2.56267,98.1,0,9.524,1
2024-10-15 16:12:24,51.50912,-2.56267,98.1,0,9.524,1
2024-10-15 16:12:25,51.50912,-2.562674,98.2,0.8,9.525,1
2024-10-15 16:12:26,51.509117,-2.56267,97.7,2,9.525,1
2024-10-15 16:12:27,51.509117,-2.562673,98,1.4,9.525,1
2024-10-15 16:12:28,51.50912,-2.562671,97.9,1,9.526,1
2024-10-15 16:12:29,51.509125,-2.562666,97.7,1.8,9.526,1
2024-10-15 16:12:30,51.50913,-2.562663,97.3,2,9.527,1
2024-10-15 16:12:31,51.509132,-2.562661,97.1,1.4,9.527,1
2024-10-15 16:12:32,51.50913,-2.562662,97.3,0.8,9.527,1
2024-10-15 16:12:33,51.50913,-2.562662,97.3,0,9.527,1
2024-10-15 16:12:34,51.509125,-2.562666,96.8,3.1,9.528,1
2024-10-15 16:12:35,51.509125,-2.562666,96.8,0,9.528,1
2024-10-15 16:12:36,51.509125,-2.562666,96.8,0,9.528,1
2024-10-15 16:12:37,51.509125,-2.562666,96.8,0,9.528,1
2024-10-15 16:12:38,51.509125,-2.562666,96.8,0,9.528,1
2024-10-15 16:12:39,51.509125,-2.562666,96.8,0,9.528,1
2024-10-15 16:12:40,51.509125,-2.562666,96.8,0,9.528,1
2024-10-15 16:12:41,51.509125,-2.562669,96.7,0.8,9.528,1
2024-10-15 16:12:42,51.509125,-2.562669,96.7,0,9.528,1
2024-10-15 16:12:43,51.509125,-2.562669,96.7,0,9.528,1
2024-10-15 16:12:44,51.509125,-2.562669,96.7,0,9.528,1
2024-10-15 16:12:45,51.509125,-2.562669,96.7,0,9.528,1
2024-10-15 16:12:46,51.509125,-2.562669,96.7,0,9.528,1
2024-10-15 16:12:47,51.509125,-2.562669,96.7,0,9.528,1
2024-10-15 16:12:48,51.509125,-2.562669,96.7,0,9.528,1
2024-10-15 16:12:49,51.509125,-2.562669,96.7,0,9.528,1
2024-10-15 16:12:50,51.509125,-2.562669,96.7,0,9.528,1
2024-10-15 16:12:51,51.509125,-2.562669,96.7,0,9.528,1
2024-10-15 16:12:52,51.50912,-2.562668,96.5,0.5,9.529,1
2024-10-15 16:12:53,51.50912,-2.562669,96.4,0.3,9.529,1
2024-10-15 16:12:54,51.50912,-2.562669,96.3,0,9.529,1
2024-10-15 16:12:55,51.50912,-2.562669,96.2,0,9.529,1
2024-10-15 16:12:56,51.50912,-2.56267,96.2,0,9.529,1
2024-10-15 16:12:57,51.50912,-2.562668,96.2,0.3,9.529,1
2024-10-15 16:12:58,51.50912,-2.562667,96.1,0,9.529,1
2024-10-15 16:12:59,51.50912,-2.562668,96,0.3,9.529,1
2024-10-15 16:13:00,51.50912,-2.562668,96,0,9.529,1
2024-10-15 16:13:01,51.50912,-2.562668,96,0,9.529,1
2024-10-15 16:13:02,51.50912,-2.562668,96,0,9.529,1
2024-10-15 16:13:03,51.50912,-2.562668,96,0,9.529,1
2024-10-15 16:13:04,51.50912,-2.562668,96,0,9.529,1
2024-10-15 16:13:05,51.50912,-2.562668,96,0,9.529,1
2024-10-15 16:13:06,51.50912,-2.562668,96,0,9.529,1
2024-10-15 16:13:07,51.50912,-2.562668,96,0,9.529,1
2024-10-15 16:13:08,51.50912,-2.562668,96,0,9.529,1
2024-10-15 16:13:09,51.50912,-2.562668,96,0,9.529,1
2024-10-15 16:13:10,51.50912,-2.562668,96,0,9.529,1
2024-10-15 16:13:11,51.50912,-2.562668,96,0,9.529,1
2024-10-15 16:13:12,51.50912,-2.562668,96,0,9.529,1
2024-10-15 16:13:13,51.50912,-2.562668,96,0,9.529,1
2024-10-15 16:13:14,51.50912,-2.562668,96,0,9.529,1
2024-10-15 16:13:15,51.50912,-2.562668,96,0,9.529,1
2024-10-15 16:13:16,51.50912,-2.562668,96,0,9.529,1
2024-10-15 16:13:17,51.50912,-2.562668,96,0,9.529,1
2024-10-15 16:13:18,51.50912,-2.562668,96,0,9.529,1
2024-10-15 16:13:19,51.50912,-2.562668,96,0,9.529,1
2024-10-15 16:13:20,51.50912,-2.562668,96,0,9.529,1
2024-10-15 16:13:21,51.50912,-2.562668,96,0,9.529,1
2024-10-15 16:13:22,51.50912,-2.562668,96,0,9.529,1
2024-10-15 16:13:23,51.50912,-2.562668,96,0,9.529,1
2024-10-15 16:13:24,51.509117,-2.562669,96.4,0.7,9.529,1
2024-10-15 16:13:25,51.509117,-2.56267,95.9,0,9.529,1
2024-10-15 16:13:26,51.509148,-2.562696,101.4,12.8,9.533,1
2024-10-15 16:13:27,51.509148,-2.562693,102.1,1.4,9.533,1
2024-10-15 16:13:28,51.50915,-2.562693,101.9,1,9.533,1
2024-10-15 16:13:29,51.50915,-2.562694,101.9,0.3,9.533,1
2024-10-15 16:13:30,51.50915,-2.562696,101.9,0.5,9.534,1
2024-10-15 16:13:31,51.50915,-2.562696,102,0,9.534,1
2024-10-15 16:13:32,51.50915,-2.562697,101.8,0.8,9.534,1
2024-10-15 16:13:33,51.50915,-2.562695,101.9,0.6,9.534,1
2024-10-15 16:13:34,51.50915,-2.562694,102,0,9.534,1
2024-10-15 16:13:35,51.50915,-2.562694,102.1,0,9.534,1
2024-10-15 16:13:36,51.50915,-2.562694,102.2,0,9.534,1
2024-10-15 16:13:37,51.50915,-2.562694,102.3,0,9.534,1
2024-10-15 16:13:38,51.50915,-2.562694,102.3,0.5,9.534,1
2024-10-15 16:13:39,51.50915,-2.562694,102.4,0,9.534,1
2024-10-15 16:13:40,51.50915,-2.562694,102.4,0,9.534,1
2024-10-15 16:13:41,51.50915,-2.562694,102.4,0,9.534,1
2024-10-15 16:13:42,51.509155,-2.562697,102.5,1.1,9.534,1
2024-10-15 16:13:43,51.509155,-2.562699,102.6,0.6,9.535,1
2024-10-15 16:13:44,51.509155,-2.5627,102.5,0.5,9.535,1
2024-10-15 16:13:45,51.50915,-2.562698,102.1,1.4,9.535,1
2024-10-15 16:13:46,51.50915,-2.562696,101.9,0.9,9.535,1
2024-10-15 16:13:47,51.509148,-2.562696,102.1,0.5,9.535,1
2024-10-15 16:13:48,51.509148,-2.562694,102.1,0.6,9.536,1
2024-10-15 16:13:49,51.509148,-2.562697,101.8,0.8,9.536,1
2024-10-15 16:13:50,51.50915,-2.562698,101.8,0.7,9.536,1
2024-10-15 16:13:51,51.509148,-2.5627,101.9,0.5,9.536,1
2024-10-15 16:13:52,51.509148,-2.562701,102,0.3,9.536,1
2024-10-15 16:13:53,51.509148,-2.562701,101.9,0,9.536,1
2024-10-15 16:13:54,51.509148,-2.562701,101.9,0,9.536,1
2024-10-15 16:13:55,51.509148,-2.562702,101.9,0.8,9.536,1
2024-10-15 16:13:56,51.509144,-2.562704,102,0.6,9.537,1
2024-10-15 16:13:57,51.509144,-2.562705,101.9,0.5,9.537,1
2024-10-15 16:13:58,51.509144,-2.562705,101.8,0,9.537,1
2024-10-15 16:13:59,51.509144,-2.562705,101.7,0,9.537,1
2024-10-15 16:14:00,51.509144,-2.562704,101.6,0,9.537,1
2024-10-15 16:14:01,51.509144,-2.562703,101.4,0.3,9.537,1
2024-10-15 16:14:02,51.509144,-2.562703,101.3,0,9.537,1
2024-10-15 16:14:03,51.509144,-2.562704,101.3,0,9.537,1
2024-10-15 16:14:04,51.509144,-2.562704,101.3,0,9.537,1
2024-10-15 16:14:05,51.509144,-2.562705,101.3,0,9.537,1
2024-10-15 16:14:06,51.509144,-2.562705,101.3,0.3,9.537,1
2024-10-15 16:14:07,51.509144,-2.562705,101.3,0,9.537,1
2024-10-15 16:14:08,51.509144,-2.562705,101.3,0,9.537,1
2024-10-15 16:14:09,51.509144,-2.562705,101.3,0,9.537,1
2024-10-15 16:14:10,51.509144,-2.562705,101.3,0,9.537,1
2024-10-15 16:14:11,51.509144,-2.562705,101.3,0,9.537,1
2024-10-15 16:14:12,51.509144,-2.562705,101.3,0,9.537,1
2024-10-15 16:14:13,51.509144,-2.562705,101.3,0,9.537,1
2024-10-15 16:14:14,51.509144,-2.562705,101.3,0,9.537,1
2024-10-15 16:14:15,51.509144,-2.562707,101.1,0.5,9.537,1
2024-10-15 16:14:16,51.509144,-2.562711,100.9,1,9.537,1
2024-10-15 16:14:17,51.509144,-2.562711,100.8,0,9.537,1
2024-10-15 16:14:18,51.509144,-2.562715,101.2,0.9,9.538,1
2024-10-15 16:14:19,51.50915,-2.562716,101.8,1.9,9.538,1
2024-10-15 16:14:20,51.50915,-2.562723,101.7,1.7,9.539,1
2024-10-15 16:14:21,51.509148,-2.562724,101.9,1.5,9.539,1
2024-10-15 16:14:22,51.509144,-2.562718,101.9,2.5,9.54,1
2024-10-15 16:14:23,51.509136,-2.562709,101.9,2.8,9.541,1
2024-10-15 16:14:24,51.509136,-2.562701,102.2,1.9,9.541,1
2024-10-15 16:14:25,51.509136,-2.562698,102.2,0.8,9.541,1
2024-10-15 16:14:26,51.509136,-2.562697,102.2,0.5,9.541,1
2024-10-15 16:14:27,51.509136,-2.562696,102.3,0.5,9.542,1
2024-10-15 16:14:28,51.509136,-2.562696,102.4,0,9.542,1
2024-10-15 16:14:29,51.50914,-2.562694,102.1,1.7,9.542,1
2024-10-15 16:14:30,51.509148,-2.562696,102.1,3.1,9.543,1
2024-10-15 16:14:31,51.509155,-2.562695,101.9,2.9,9.544,1
2024-10-15 16:14:32,51.509163,-2.562694,101.9,2.6,9.544,1
2024-10-15 16:14:33,51.509167,-2.562691,102.1,2.4,9.545,1
2024-10-15 16:14:34,51.50917,-2.562682,101.9,2.3,9.546,1
2024-10-15 16:14:35,51.50917,-2.562679,102.1,0.8,9.546,1
2024-10-15 16:14:36,51.50917,-2.562688,102.1,2.5,9.547,1
2024-10-15 16:14:37,51.50917,-2.562697,102.1,2.5,9.547,1
2024-10-15 16:14:38,51.509163,-2.562705,102.1,3.5,9.548,1
2024-10-15 16:14:39,51.509155,-2.562708,102.2,3.3,9.549,1
2024-10-15 16:14:40,51.509148,-2.562706,102.4,2.6,9.55,1
2024-10-15 16:14:41,51.509144,-2.562703,102.4,1.9,9.55,1
2024-10-15 16:14:42,51.50914,-2.5627,102.3,1.3,9.551,1
2024-10-15 16:14:43,51.50914,-2.562698,102.3,0.5,9.551,1
2024-10-15 16:14:44,51.50914,-2.562698,102.3,0,9.551,1
2024-10-15 16:14:45,51.50914,-2.562699,102.4,0,9.551,1
2024-10-15 16:14:46,51.50914,-2.562696,102.3,0.5,9.551,1
2024-10-15 16:14:47,51.50914,-2.562698,102.3,0.5,9.551,1
2024-10-15 16:14:48,51.50914,-2.5627,102.4,0.6,9.551,1
2024-10-15 16:14:49,51.50914,-2.562702,102.5,0.6,9.551,1
2024-10-15 16:14:50,51.50914,-2.562701,102.5,0,9.551,1
2024-10-15 16:14:51,51.509136,-2.5627,102.7,0.5,9.552,1
2024-10-15 16:14:52,51.509136,-2.562699,102.6,0.3,9.552,1
2024-10-15 16:14:53,51.509136,-2.562698,102.6,0,9.552,1
2024-10-15 16:14:54,51.509136,-2.562698,102.6,0,9.552,1
2024-10-15 16:14:55,51.509136,-2.562698,102.6,0,9.552,1
2024-10-15 16:14:56,51.509136,-2.562698,102.6,0,9.552,1
2024-10-15 16:14:57,51.509136,-2.562697,102.6,0,9.552,1
2024-10-15 16:14:58,51.509136,-2.562697,102.6,0,9.552,1
2024-10-15 16:14:59,51.509136,-2.562697,102.6,0,9.552,1
2024-10-15 16:15:00,51.509136,-2.562697,102.6,0,9.552,1
2024-10-15 16:15:01,51.509136,-2.562697,102.6,0,9.552,1
2024-10-15 16:15:02,51.509136,-2.562697,102.6,0,9.552,1
2024-10-15 16:15:03,51.509136,-2.562697,102.6,0,9.552,1
2024-10-15 16:15:04,51.509136,-2.562697,102.6,0,9.552,1
2024-10-15 16:15:05,51.509136,-2.562697,102.6,0,9.552,1
2024-10-15 16:15:06,51.509136,-2.562697,102.6,0,9.552,1
2024-10-15 16:15:07,51.509136,-2.562697,102.6,0,9.552,1
2024-10-15 16:15:08,51.509136,-2.562697,102.6,0,9.552,1
2024-10-15 16:15:09,51.50914,-2.562697,102.6,0,9.552,1
2024-10-15 16:15:10,51.50914,-2.562697,102.6,0,9.552,1
2024-10-15 16:15:11,51.50914,-2.562699,102.5,1.2,9.552,1
2024-10-15 16:15:12,51.509148,-2.562701,102.5,2.1,9.553,1
2024-10-15 16:15:13,51.50915,-2.562703,102.6,2.1,9.553,1
2024-10-15 16:15:14,51.509155,-2.562708,102.6,1.6,9.554,1
2024-10-15 16:15:15,51.509155,-2.562708,102.5,0.7,9.554,1
2024-10-15 16:15:16,51.509155,-2.562704,102.6,1.3,9.554,1
2024-10-15 16:15:17,51.50915,-2.562699,102.4,1.8,9.555,1
2024-10-15 16:15:18,51.509148,-2.562697,101.9,0.8,9.555,1
2024-10-15 16:15:19,51.509148,-2.562699,101.7,0.7,9.555,1
2024-10-15 16:15:20,51.509148,-2.562699,101.7,0,9.555,1
2024-10-15 16:15:21,51.50915,-2.562704,102.2,1.9,9.556,1
2024-10-15 16:15:22,51.50915,-2.562708,102.3,1.2,9.556,1
2024-10-15 16:15:23,51.509155,-2.562709,102.2,0.7,9.556,1
2024-10-15 16:15:24,51.509155,-2.562709,102,0,9.556,1
2024-10-15 16:15:25,51.509155,-2.562705,102.3,1,9.556,1
2024-10-15 16:15:26,51.509155,-2.562705,102.2,0.3,9.557,1
2024-10-15 16:15:27,51.509155,-2.562712,102.2,2.1,9.557,1
2024-10-15 16:15:28,51.509163,-2.56272,102.3,3,9.558,1
2024-10-15 16:15:29,51.50917,-2.562729,102.5,4.1,9.559,1
2024-10-15 16:15:30,51.509182,-2.562736,102.3,4.9,9.56,1
2024-10-15 16:15:31,51.509197,-2.562744,101.9,6.3,9.562,1
2024-10-15 16:15:32,51.50921,-2.562748,101.8,5,9.564,1
2024-10-15 16:15:33,51.50922,-2.562753,101.4,4.3,9.565,1
2024-10-15 16:15:34,51.50923,-2.562757,100.8,4.1,9.566,1
2024-10-15 16:15:35,51.509235,-2.562754,100.8,2.7,9.567,1
2024-10-15 16:15:36,51.509247,-2.562764,101.4,5.1,9.568,1
2024-10-15 16:15:37,51.50926,-2.562773,101.7,5.6,9.57,1
2024-10-15 16:15:38,51.50927,-2.562779,100.6,3.8,9.571,1
2024-10-15 16:15:39,51.509274,-2.562778,100.3,2.1,9.571,1
2024-10-15 16:15:40,51.50928,-2.562771,100,2.9,9.572,1
2024-10-15 16:15:41,51.50929,-2.562756,100.7,5.3,9.574,1
2024-10-15 16:15:42,51.509296,-2.562746,100.4,4,9.575,1
2024-10-15 16:15:43,51.509304,-2.562737,100.7,3.1,9.576,1
2024-10-15 16:15:44,51.509308,-2.562725,100.4,3.4,9.576,1
2024-10-15 16:15:45,51.50931,-2.562707,100.8,4.9,9.578,1
2024-10-15 16:15:46,51.50932,-2.562694,100.9,3.9,9.579,1
2024-10-15 16:15:47,51.509315,-2.562671,101.2,5.8,9.581,1
2024-10-15 16:15:48,51.509315,-2.562655,101,3.9,9.582,1
2024-10-15 16:15:49,51.50931,-2.562667,98.9,3.3,9.583,1
2024-10-15 16:15:50,51.509304,-2.562691,98.5,6.4,9.584,1
2024-10-15 16:15:51,51.509304,-2.562693,98.6,0.7,9.585,1
2024-10-15 16:15:52,51.509296,-2.562694,98.1,2.7,9.585,1
2024-10-15 16:15:53,51.509296,-2.562689,98,1.2,9.586,1
2024-10-15 16:15:54,51.509304,-2.562679,97.8,3.8,9.587,1
2024-10-15 16:15:55,51.5093,-2.562678,97.5,0.5,9.587,1
2024-10-15 16:15:56,51.509293,-2.562681,98.3,3.3,9.588,1
2024-10-15 16:15:57,51.509293,-2.562687,99.9,1.6,9.588,1
2024-10-15 16:15:58,51.509293,-2.562687,99.8,0.6,9.588,1
2024-10-15 16:15:59,51.509296,-2.562688,100,1.1,9.589,1
2024-10-15 16:16:00,51.50931,-2.562684,100.5,6.3,9.59,1
2024-10-15 16:16:01,51.509323,-2.562683,101.3,3.9,9.591,1
2024-10-15 16:16:02,51.509327,-2.562679,101.3,1.9,9.592,1
2024-10-15 16:16:03,51.50933,-2.562678,101.5,1.1,9.592,1
2024-10-15 16:16:04,51.509327,-2.562681,101.4,0.8,9.593,1
2024-10-15 16:16:05,51.50931,-2.56269,100.5,6.6,9.594,1
2024-10-15 16:16:06,51.509308,-2.562693,100.4,1.9,9.595,1
2024-10-15 16:16:07,51.509304,-2.562697,100.9,1.4,9.595,1
